STOPSPECNAME, STOPNUMBER, METLINKSTOPID, area_code, area_name, feature_code, feature_name
"Armadale Street - Stop 41","41","398",206061135,"Armadale","206061135","Armadale"
"Kooyong Road - Stop 42","42","409",206061135,"Armadale","206061135","Armadale"
"Egerton Road - Stop 43","43","940",206061135,"Armadale","206061135","Armadale"
"Duncraig Avenue - Stop 44","44","946",206061135,"Armadale","206061135","Armadale"
"Maribyrnong Park - Stop 41","41","992",206031116,"Moonee Ponds","206031116","Moonee Ponds"
"Gaffney Street - Stop 37","37","1784",206011108,"Coburg","206011108","Coburg"
"Rogers Street - Stop 36","36","2113",206011108,"Coburg","206011108","Coburg"
"Dorcas Street - Stop 128","128","4039",206051132,"South Melbourne","206051132","South Melbourne"
"Park Street - Stop 129","129","4084",206051132,"South Melbourne","206051132","South Melbourne"
"York Street - Stop 127","127","4124",206051132,"South Melbourne","206051132","South Melbourne"
"City Road - Stop 126","126","4125",206041126,"Southbank","206041126","Southbank"
"Raglan Street - Stop 130a","130a","4126",206051132,"South Melbourne","206051132","South Melbourne"
"Clarendon Street - Stop 130","130","4127",206051128,"Albert Park","206051128","Albert Park"
"Aughtie Drive - Stop 131","131","4128",206051128,"Albert Park","206051128","Albert Park"
"Kerferd Road - Stop 132","132","4129",206051128,"Albert Park","206051128","Albert Park"
"Canterbury Road - Stop 133","133","4130",206051128,"Albert Park","206051128","Albert Park"
"Carter Street - Stop 134","134","4131",206051128,"Albert Park","206051128","Albert Park"
"Richardson Street - Stop 135","135","4132",206051128,"Albert Park","206051128","Albert Park"
"Mills Street - Stop 136","136","4133",206051128,"Albert Park","206051128","Albert Park"
"Harold Street - Stop 137","137","4134",206051128,"Albert Park","206051128","Albert Park"
"Fitzroy Street - Stop 143","143","4135",206051133,"St Kilda","206051133","St Kilda"
"Mary Street - Stop 142","142","4136",206051133,"St Kilda","206051133","St Kilda"
"Deakin Street - Stop 141","141","4137",206051133,"St Kilda","206051133","St Kilda"
"Fraser Street - Stop 140","140","4138",206051133,"St Kilda","206051133","St Kilda"
"Langridge Street - Stop 139","139","4139",206051128,"Albert Park","206051128","Albert Park"
"Armstrong Street - Stop 138","138","4140",206051128,"Albert Park","206051128","Albert Park"
"Gertrude Street - Stop 13","13","4141",206071142,"Fitzroy","206071142","Fitzroy"
"Hanover Street - Stop 14","14","4142",206071142,"Fitzroy","206071142","Fitzroy"
"Bell Street - Stop 15","15","4143",206071142,"Fitzroy","206071142","Fitzroy"
"Johnston Street - Stop 16","16","4144",206071142,"Fitzroy","206071142","Fitzroy"
"Leicester Street - Stop 17","17","4145",206071142,"Fitzroy","206071142","Fitzroy"
"Alexandra Parade - Stop 18","18","4146",206071142,"Fitzroy","206071142","Fitzroy"
"Newry Street - Stop 19","19","4147",206071143,"Fitzroy North","206071143","Fitzroy North"
"Fitzroy Bowls Club - Stop 20","20","4148",206071143,"Fitzroy North","206071143","Fitzroy North"
"Alfred Crescent - Stop 21","21","4149",206071143,"Fitzroy North","206071143","Fitzroy North"
"Scotchmer Street - Stop 22","22","4150",206071143,"Fitzroy North","206071143","Fitzroy North"
"Park Street - Stop 23","23","4151",206071143,"Fitzroy North","206071143","Fitzroy North"
"Holden Street - Stop 24","24","4152",206071143,"Fitzroy North","206071143","Fitzroy North"
"Miller Street - Stop 25","25","4153",206071143,"Fitzroy North","206071143","Fitzroy North"
"Clarke Street - Stop 26","26","4154",206021111,"Northcote","206021111","Northcote"
"Westbourne Grove - Stop 27","27","4155",206021111,"Northcote","206021111","Northcote"
"Sumner Avenue - Stop 28","28","4156",206021111,"Northcote","206021111","Northcote"
"Arthurton Road - Stop 29","29","4157",206021111,"Northcote","206021111","Northcote"
"Gladstone Avenue - Stop 30","30","4158",206021111,"Northcote","206021111","Northcote"
"Gadd Street - Stop 31","31","4159",206021111,"Northcote","206021111","Northcote"
"Normanby Avenue - Stop 32","32","4160",206021112,"Thornbury","206021112","Thornbury"
"Hutton Street - Stop 33","33","4161",206021112,"Thornbury","206021112","Thornbury"
"Miller Street - Stop 34","34","4162",206021112,"Thornbury","206021112","Thornbury"
"Bracken Avenue - Stop 36","36","4163",206021112,"Thornbury","206021112","Thornbury"
"Miller Street - Stop 42","42","4204",206021112,"Thornbury","206021112","Thornbury"
"Blythe Street - Stop 41","41","4205",206021112,"Thornbury","206021112","Thornbury"
"Mansfield Street - Stop 40","40","4206",206021112,"Thornbury","206021112","Thornbury"
"York Street - Stop 127","127","4323",206051132,"South Melbourne","206051132","South Melbourne"
"City Road - Stop 126","126","4324",206041126,"Southbank","206041126","Southbank"
"Dorcas Street - Stop 128","128","4331",206051132,"South Melbourne","206051132","South Melbourne"
"Park Street - Stop 129","129","4332",206051132,"South Melbourne","206051132","South Melbourne"
"Albert Road - Stop 130","130","4333",206051132,"South Melbourne","206051132","South Melbourne"
"Melbourne Aquatic Centre - Stop 131","131","4334",206051128,"Albert Park","206051128","Albert Park"
"Canterbury Road - Stop 132","132","4384",206051128,"Albert Park","206051128","Albert Park"
"Canterbury Road - Stop 133","133","4440",206051128,"Albert Park","206051128","Albert Park"
"Carter Street - Stop 134","134","4441",206051128,"Albert Park","206051128","Albert Park"
"Richardson Street - Stop 135","135","4442",206051128,"Albert Park","206051128","Albert Park"
"Danks Street - Stop 136","136","4443",206051128,"Albert Park","206051128","Albert Park"
"Harold Street - Stop 137","137","4444",206051128,"Albert Park","206051128","Albert Park"
"Mary Street - Stop 142","142","4445",206051133,"St Kilda","206051133","St Kilda"
"Cowderoy Street - Stop 141","141","4446",206051133,"St Kilda","206051133","St Kilda"
"Fraser Street - Stop 140","140","4447",206051128,"Albert Park","206051128","Albert Park"
"Langridge Street - Stop 139","139","4448",206051128,"Albert Park","206051128","Albert Park"
"Armstrong Street - Stop 138","138","4449",206051128,"Albert Park","206051128","Albert Park"
"Gertrude Street - Stop 13","13","4450",206071142,"Fitzroy","206071142","Fitzroy"
"King William Street - Stop 14","14","4451",206071142,"Fitzroy","206071142","Fitzroy"
"St David Street - Stop 15","15","4452",206071142,"Fitzroy","206071142","Fitzroy"
"Johnston Street - Stop 16","16","4453",206071142,"Fitzroy","206071142","Fitzroy"
"Leicester Street - Stop 17","17","4454",206071142,"Fitzroy","206071142","Fitzroy"
"Alexandra Parade - Stop 18","18","4455",206071143,"Fitzroy North","206071143","Fitzroy North"
"Newry Street - Stop 19","19","4456",206071143,"Fitzroy North","206071143","Fitzroy North"
"Fitzroy Bowls Club - Stop 20","20","4457",206071143,"Fitzroy North","206071143","Fitzroy North"
"Alfred Crescent - Stop 21","21","4458",206071143,"Fitzroy North","206071143","Fitzroy North"
"Park Street - Stop 23","23","4460",206071143,"Fitzroy North","206071143","Fitzroy North"
"Holden Street - Stop 24","24","4461",206071143,"Fitzroy North","206071143","Fitzroy North"
"Miller Street - Stop 25","25","4462",206071143,"Fitzroy North","206071143","Fitzroy North"
"Clarke Street - Stop 26","26","4463",206021111,"Northcote","206021111","Northcote"
"Westbourne Grove - Stop 27","27","4464",206021111,"Northcote","206021111","Northcote"
"Sumner Avenue - Stop 28","28","4465",206021111,"Northcote","206021111","Northcote"
"Arthurton Road - Stop 29","29","4466",206021111,"Northcote","206021111","Northcote"
"Gladstone Avenue - Stop 30","30","4468",206021111,"Northcote","206021111","Northcote"
"Gadd Street - Stop 31","31","4469",206021111,"Northcote","206021111","Northcote"
"Normanby Avenue - Stop 32","32","4470",206021112,"Thornbury","206021112","Thornbury"
"Hutton Street - Stop 33","33","4471",206021112,"Thornbury","206021112","Thornbury"
"Miller Street - Stop 34","34","4472",206021112,"Thornbury","206021112","Thornbury"
"Ballantyne Street - Stop 39","39","6032",206021112,"Thornbury","206021112","Thornbury"
"Woolton Avenue - Stop 37","37","6034",206021112,"Thornbury","206021112","Thornbury"
"Darebin Road - Stop 36","36","6035",206021111,"Northcote","206021111","Northcote"
"Dennis Street - Stop 35","35","6036",206021111,"Northcote","206021111","Northcote"
"Bent Street - Stop 34","34","6037",206021111,"Northcote","206021111","Northcote"
"Arthurton Rd - Stop 33","33","6038",206021111,"Northcote","206021111","Northcote"
"Mitchell Street - Stop 32","32","6039",206021111,"Northcote","206021111","Northcote"
"Northcote Town Hall - Stop 31","31","6040",206021111,"Northcote","206021111","Northcote"
"Clarke Street - Stop 30","30","6041",206021111,"Northcote","206021111","Northcote"
"Westgarth Street - Stop 27","27","6044",206021111,"Northcote","206021111","Northcote"
"Walker Street - Stop 26","26","6045",206021111,"Northcote","206021111","Northcote"
"Clifton Hill Interchange - Stop 25","25","6046",206071143,"Fitzroy North","206071143","Fitzroy North"
"Michael Street - Stop 24","24","6047",206071143,"Fitzroy North","206071143","Fitzroy North"
"Wellington Street - Stop 23","23","6048",206071143,"Fitzroy North","206071143","Fitzroy North"
"Smith Street - Stop 22","22","6049",206071143,"Fitzroy North","206071143","Fitzroy North"
"Alexandra Parade - Stop 21","21","6050",206071143,"Fitzroy North","206071143","Fitzroy North"
"Rose Street - Stop 20","20","6051",206071142,"Fitzroy","206071142","Fitzroy"
"Johnston Street - Stop 19","19","6052",206071142,"Fitzroy","206071142","Fitzroy"
"Hodgson Street - Stop 18","18","6053",206071142,"Fitzroy","206071142","Fitzroy"
"Charles Street - Stop 17","17","6054",206071142,"Fitzroy","206071142","Fitzroy"
"Smith Street - Stop 15","15","6056",206071142,"Fitzroy","206071142","Fitzroy"
"Napier Street - Stop 14","14","6057",206071142,"Fitzroy","206071142","Fitzroy"
"Brunswick Street - Stop 13","13","6058",206071142,"Fitzroy","206071142","Fitzroy"
"Hanover Street - Stop 13","13","6059",206071142,"Fitzroy","206071142","Fitzroy"
"Bell Street - Stop 14","14","6060",206071142,"Fitzroy","206071142","Fitzroy"
"Johnston Street - Stop 15","15","6061",206071142,"Fitzroy","206071142","Fitzroy"
"Rose Street - Stop 16","16","6062",206071142,"Fitzroy","206071142","Fitzroy"
"Alexandra Parade - Stop 17","17","6063",206071143,"Fitzroy North","206071143","Fitzroy North"
"Freeman Street - Stop 18","18","6064",206071143,"Fitzroy North","206071143","Fitzroy North"
"Tempany Street - Stop 19","19","6065",206071143,"Fitzroy North","206071143","Fitzroy North"
"Reid Street - Stop 20","20","6066",206071143,"Fitzroy North","206071143","Fitzroy North"
"Scotchmer Street - Stop 21","21","6067",206071143,"Fitzroy North","206071143","Fitzroy North"
"Holden Street - Stop 22","22","6068",206071143,"Fitzroy North","206071143","Fitzroy North"
"Miller Street - Stop 23","23","6069",206071143,"Fitzroy North","206071143","Fitzroy North"
"Glenlyon Road - Stop 24","24","6070",206011106,"Brunswick East","206011106","Brunswick East"
"Albert Street - Stop 25","25","6071",206011106,"Brunswick East","206011106","Brunswick East"
"Victoria Street - Stop 26","26","6072",206011106,"Brunswick East","206011106","Brunswick East"
"Collins Street - Stop 41","41","6104",206021112,"Thornbury","206021112","Thornbury"
"Mansfield Street - Stop 40","40","6105",206021112,"Thornbury","206021112","Thornbury"
"Gooch Street - Stop 39","39","6106",206021112,"Thornbury","206021112","Thornbury"
"Clarendon Street - Stop 38","38","6107",206021112,"Thornbury","206021112","Thornbury"
"Woolton Avenue - Stop 37","37","6108",206021112,"Thornbury","206021112","Thornbury"
"Darebin Road - Stop 36","36","6109",206021112,"Thornbury","206021112","Thornbury"
"Dennis Street - Stop 35","35","6110",206021111,"Northcote","206021111","Northcote"
"McCutcheon Street - Stop 34","34","6111",206021111,"Northcote","206021111","Northcote"
"Separation Street - Stop 33","33","6112",206021111,"Northcote","206021111","Northcote"
"Mitchell Street - Stop 32","32","6113",206021111,"Northcote","206021111","Northcote"
"Northcote Town Hall - Stop 31","31","6114",206021111,"Northcote","206021111","Northcote"
"Clarke Street - Stop 30","30","6115",206021111,"Northcote","206021111","Northcote"
"Westgarth Street - Stop 27","27","6118",206021111,"Northcote","206021111","Northcote"
"Walker Street - Stop 26","26","6119",206021111,"Northcote","206021111","Northcote"
"Clifton Hill Interchange - Stop 25","25","6120",206071143,"Fitzroy North","206071143","Fitzroy North"
"Gold Street - Stop 24","24","6121",206071145,"Yarra - North","206071145","Yarra - North"
"Wellington Street - Stop 23","23","6122",206071145,"Yarra - North","206071145","Yarra - North"
"Smith Street - Stop 22","22","6123",206071145,"Yarra - North","206071145","Yarra - North"
"Alexandra Parade - Stop 21","21","6124",206071145,"Yarra - North","206071145","Yarra - North"
"Keele Street - Stop 20","20","6125",206071141,"Collingwood","206071141","Collingwood"
"Johnston Street - Stop 19","19","6126",206071141,"Collingwood","206071141","Collingwood"
"Hodgson Street - Stop 18","18","6127",206071141,"Collingwood","206071141","Collingwood"
"Charles Street - Stop 17","17","6128",206071141,"Collingwood","206071141","Collingwood"
"Peel Street - Stop 16","16","6129",206071141,"Collingwood","206071141","Collingwood"
"Gertrude Street - Stop 15","15","6130",206071141,"Collingwood","206071141","Collingwood"
"Napier Street - Stop 14","14","6131",206071142,"Fitzroy","206071142","Fitzroy"
"Brunswick Street - Stop 13","13","6132",206071142,"Fitzroy","206071142","Fitzroy"
"Hanover Street - Stop 13","13","6133",206041117,"Carlton","206041117","Carlton"
"Murchison Street - Stop 14","14","6134",206041117,"Carlton","206041117","Carlton"
"Elgin Street - Stop 15","15","6135",206041117,"Carlton","206041117","Carlton"
"Kay Street - Stop 16","16","6136",206041117,"Carlton","206041117","Carlton"
"Princes Street - Stop 17","17","6137",206041117,"Carlton","206041117","Carlton"
"Curtain Street - Stop 18","18","6138",206071140,"Carlton North - Princes Hill","206071140","Carlton North - Princes Hill"
"Tempany Street - Stop 19","19","6139",206071140,"Carlton North - Princes Hill","206071140","Carlton North - Princes Hill"
"Richardson Street - Stop 20","20","6140",206071140,"Carlton North - Princes Hill","206071140","Carlton North - Princes Hill"
"Pigdon Street - Stop 21","21","6141",206071140,"Carlton North - Princes Hill","206071140","Carlton North - Princes Hill"
"Brunswick Road - Stop 22","22","6142",206011106,"Brunswick East","206011106","Brunswick East"
"Miller Street - Stop 23","23","6143",206011106,"Brunswick East","206011106","Brunswick East"
"Glenlyon Road - Stop 24","24","6144",206011106,"Brunswick East","206011106","Brunswick East"
"Albert Street - Stop 25","25","6145",206011106,"Brunswick East","206011106","Brunswick East"
"Victoria Street - Stop 26","26","6146",206011106,"Brunswick East","206011106","Brunswick East"
"East Brunswick - Stop 27","27","6147",206011106,"Brunswick East","206011106","Brunswick East"
"Glenferrie Road - Stop 45","45","10311",206061135,"Armadale","206061135","Armadale"
"Duncraig Avenue - Stop 44","44","10371",206061135,"Armadale","206061135","Armadale"
"Egerton Road - Stop 43","43","11285",206061135,"Armadale","206061135","Armadale"
"Kooyong Road - Stop 42","42","12599",206061135,"Armadale","206061135","Armadale"
"Punt Road - Stop 28","28","13401",206061136,"Prahran - Windsor","206061136","Prahran - Windsor"
"Perth Street - Stop 29","29","14033",206061136,"Prahran - Windsor","206061136","Prahran - Windsor"
"Prahran Station - Stop 30","30","14614",206061136,"Prahran - Windsor","206061136","Prahran - Windsor"
"Chapel Street - Stop 31","31","14728",206061136,"Prahran - Windsor","206061136","Prahran - Windsor"
"Bangs Street - Stop 32","32","15699",206061136,"Prahran - Windsor","206061136","Prahran - Windsor"
"The Avenue - Stop 33","33","16610",206061136,"Prahran - Windsor","206061136","Prahran - Windsor"
"Bell Street - Stop 34","34","16713",206011108,"Coburg","206011108","Coburg"
"Victoria Street - Stop 33","33","16714",206011108,"Coburg","206011108","Coburg"
"Munro Street - Stop 32","32","16715",206011108,"Coburg","206011108","Coburg"
"Reynard Street - Stop 31","31","16716",206011108,"Coburg","206011108","Coburg"
"The Avenue - Stop 30","30","16717",206011108,"Coburg","206011108","Coburg"
"Lewisham Road - Stop 34","34","16718",206061136,"Prahran - Windsor","206061136","Prahran - Windsor"
"Moreland Road - Stop 28","28","16719",206011105,"Brunswick","206011105","Brunswick"
"Brunswick Tram Depot - Stop 27","27","16720",206011105,"Brunswick","206011105","Brunswick"
"Albion Street - Stop 26","26","16721",206011105,"Brunswick","206011105","Brunswick"
"Stewart Street - Stop 25","25","16722",206011105,"Brunswick","206011105","Brunswick"
"Blyth Street - Stop 24","24","16723",206011105,"Brunswick","206011105","Brunswick"
"Victoria Street - Stop 23","23","16724",206011105,"Brunswick","206011105","Brunswick"
"Albert Street - Stop 22","22","16725",206011105,"Brunswick","206011105","Brunswick"
"Dawson Street - Stop 21","21","16726",206011105,"Brunswick","206011105","Brunswick"
"Barkly Square - Stop 20","20","16727",206011105,"Brunswick","206011105","Brunswick"
"Brunswick Road - Stop 19","19","16728",206011105,"Brunswick","206011105","Brunswick"
"Princes Park - Stop 18","18","16729",206041124,"Parkville","206041124","Parkville"
"Ievers Street - Stop 17","17","16730",206041124,"Parkville","206041124","Parkville"
"Walker Street - Stop 16","16","16731",206041124,"Parkville","206041124","Parkville"
"Leonard Street - Stop 15","15","16732",206041124,"Parkville","206041124","Parkville"
"Macarthur Road - Stop 14","14","16733",206041124,"Parkville","206041124","Parkville"
"Gatehouse Street - Stop 13","13","16734",206041124,"Parkville","206041124","Parkville"
"Morrah Street - Stop 12","12","16735",206041124,"Parkville","206041124","Parkville"
"Melbourne University - Stop 11","11","16736",206041124,"Parkville","206041124","Parkville"
"Williams Road - Stop 35","35","16738",206061136,"Prahran - Windsor","206061136","Prahran - Windsor"
"Chatsworth Road - Stop 36","36","16739",206061136,"Prahran - Windsor","206061136","Prahran - Windsor"
"Airlie Avenue - Stop 37","37","16740",206061136,"Prahran - Windsor","206061136","Prahran - Windsor"
"Orrong Road - Stop 38","38","16741",206061135,"Armadale","206061135","Armadale"
"Auburn Grove - Stop 39","39","16742",206061135,"Armadale","206061135","Armadale"
"Armadale Station - Stop 40","40","16743",206061135,"Armadale","206061135","Armadale"
"Kooyong Road - Stop 41","41","16744",206061135,"Armadale","206061135","Armadale"
"Huntingtower Road - Stop 42","42","16745",206061135,"Armadale","206061135","Armadale"
"Mercer Road - Stop 43","43","16746",206061135,"Armadale","206061135","Armadale"
"Glenferrie Road - Stop 44","44","16767",206061135,"Armadale","206061135","Armadale"
"Mercer Road - Stop 43","43","16768",206061135,"Armadale","206061135","Armadale"
"Huntingtower Road - Stop 42","42","16769",206061135,"Armadale","206061135","Armadale"
"Kooyong Road - Stop 41","41","16770",206061135,"Armadale","206061135","Armadale"
"Armadale Station - Stop 40","40","16771",206061135,"Armadale","206061135","Armadale"
"Auburn Grove - Stop 39","39","16772",206061135,"Armadale","206061135","Armadale"
"Orrong Road - Stop 38","38","16773",206061136,"Prahran - Windsor","206061136","Prahran - Windsor"
"Airlie Avenue - Stop 37","37","16774",206061136,"Prahran - Windsor","206061136","Prahran - Windsor"
"Park Road - Stop 36","36","16775",206061136,"Prahran - Windsor","206061136","Prahran - Windsor"
"Williams Road - Stop 35","35","16776",206061136,"Prahran - Windsor","206061136","Prahran - Windsor"
"Lewisham Road - Stop 34","34","16777",206061136,"Prahran - Windsor","206061136","Prahran - Windsor"
"The Avenue - Stop 33","33","16778",206061136,"Prahran - Windsor","206061136","Prahran - Windsor"
"Rogers Street - Stop 36","36","17310",206011108,"Coburg","206011108","Coburg"
"Champ Street - Stop 35","35","17311",206011108,"Coburg","206011108","Coburg"
"Bell Street - Stop 34","34","17312",206011108,"Coburg","206011108","Coburg"
"Victoria Street - Stop 33","33","17313",206011108,"Coburg","206011108","Coburg"
"Harding Street - Stop 32","32","17314",206011108,"Coburg","206011108","Coburg"
"Reynard Street - Stop 31","31","17315",206011108,"Coburg","206011108","Coburg"
"The Avenue - Stop 30","30","17316",206011108,"Coburg","206011108","Coburg"
"Moore Street - Stop 29","29","17317",206011108,"Coburg","206011108","Coburg"
"Moreland Road - Stop 28","28","17318",206011108,"Coburg","206011108","Coburg"
"Brunswick Tram Depot - Stop 27","27","17319",206011105,"Brunswick","206011105","Brunswick"
"Albion Street - Stop 26","26","17320",206011105,"Brunswick","206011105","Brunswick"
"Stewart Street - Stop 25","25","17321",206011105,"Brunswick","206011105","Brunswick"
"Blyth Street - Stop 24","24","17322",206011105,"Brunswick","206011105","Brunswick"
"Victoria Street - Stop 23","23","17323",206011105,"Brunswick","206011105","Brunswick"
"Albert Street - Stop 22","22","17324",206011105,"Brunswick","206011105","Brunswick"
"Glenlyon Road - Stop 21","21","17325",206011105,"Brunswick","206011105","Brunswick"
"Brunswick Road - Stop 19","19","17327",206011105,"Brunswick","206011105","Brunswick"
"Princes Park - Stop 18","18","17328",206071140,"Carlton North - Princes Hill","206071140","Carlton North - Princes Hill"
"Ievers Street - Stop 17","17","17329",206071140,"Carlton North - Princes Hill","206071140","Carlton North - Princes Hill"
"Walker Street - Stop 16","16","17330",206071140,"Carlton North - Princes Hill","206071140","Carlton North - Princes Hill"
"Leonard Street - Stop 15","15","17331",206071140,"Carlton North - Princes Hill","206071140","Carlton North - Princes Hill"
"Cemetery Rd West - Stop 14","14","17332",206071140,"Carlton North - Princes Hill","206071140","Carlton North - Princes Hill"
"Gatehouse Street - Stop 13","13","17333",206041124,"Parkville","206041124","Parkville"
"Morrah Street - Stop 12","12","17334",206041124,"Parkville","206041124","Parkville"
"Melbourne University - Stop 11","11","17335",206041124,"Parkville","206041124","Parkville"
"Russell Street - Stop 7","7","17591",206041122,"Melbourne","206041122","Melbourne"
"Swanston Street - Stop 6","6","17593",206041122,"Melbourne","206041122","Melbourne"
"Bourke Street Mall - Stop 5","5","17594",206041122,"Melbourne","206041122","Melbourne"
"Queen Street - Stop 4","4","17596",206041122,"Melbourne","206041122","Melbourne"
"William Street - Stop 3","3","17597",206041122,"Melbourne","206041122","Melbourne"
"Hornby Street - Stop 32","32","17602",206061136,"Prahran - Windsor","206061136","Prahran - Windsor"
"Chapel Street - Stop 31","31","17603",206061136,"Prahran - Windsor","206061136","Prahran - Windsor"
"Prahran Station - Stop 30","30","17604",206061136,"Prahran - Windsor","206061136","Prahran - Windsor"
"Perth Street - Stop 29","29","17605",206061136,"Prahran - Windsor","206061136","Prahran - Windsor"
"Punt Road - Stop 28","28","17606",206041125,"South Yarra - West","206041125","South Yarra - West"
"Southern Cross Station - Stop 1","1","17848",206041122,"Melbourne","206041122","Melbourne"
"Southern Cross Station - Stop 1","1","17849",206041122,"Melbourne","206041122","Melbourne"
"Flinders Street Station - Stop 1","1","17850",206041122,"Melbourne","206041122","Melbourne"
"Collins Street - Stop 2","2","17851",206041122,"Melbourne","206041122","Melbourne"
"Bourke Street Mall - Stop 3","3","17852",206041122,"Melbourne","206041122","Melbourne"
"Melbourne Central Station - Stop 5","5","17854",206041122,"Melbourne","206041122","Melbourne"
"Queen Victoria Market - Stop 7","7","17856",206041122,"Melbourne","206041122","Melbourne"
"Peel Street - Stop 8","8","17857",206041122,"Melbourne","206041122","Melbourne"
"Howard Street - Stop 9","9","17858",206041123,"North Melbourne","206041123","North Melbourne"
"Chetwynd Street - Stop 10","10","17859",206041123,"North Melbourne","206041123","North Melbourne"
"Errol Street - Stop 11","11","17860",206041123,"North Melbourne","206041123","North Melbourne"
"Victoria Street - Stop 11","11","17861",206041123,"North Melbourne","206041123","North Melbourne"
"Chetwynd Street - Stop 10","10","17862",206041123,"North Melbourne","206041123","North Melbourne"
"Howard Street - Stop 9","9","17863",206041123,"North Melbourne","206041123","North Melbourne"
"Peel Street - Stop 8","8","17864",206041123,"North Melbourne","206041123","North Melbourne"
"Haymarket - Stop 9","9","17866",206041123,"North Melbourne","206041123","North Melbourne"
"Royal Melbourne Hospital - Stop 10","10","17867",206041124,"Parkville","206041124","Parkville"
"Royal Melbourne Hospital - Stop 10","10","17868",206041124,"Parkville","206041124","Parkville"
"Haymarket - Stop 9","9","17869",206041117,"Carlton","206041117","Carlton"
"Queen Victoria Market - Stop 7","7","17871",206041122,"Melbourne","206041122","Melbourne"
"Melbourne Central Station - Stop 5","5","17873",206041122,"Melbourne","206041122","Melbourne"
"Bourke Street Mall - Stop 3","3","17875",206041122,"Melbourne","206041122","Melbourne"
"Collins Street - Stop 2","2","17876",206041122,"Melbourne","206041122","Melbourne"
"Flinders Street - Stop 1","1","17877",206041122,"Melbourne","206041122","Melbourne"
"Melbourne Museum - Stop 12","12","17878",206071142,"Fitzroy","206071142","Fitzroy"
"Victoria Parade - Stop 11","11","17879",206071142,"Fitzroy","206071142","Fitzroy"
"Parliament Station - Stop 10","10","17880",206041119,"East Melbourne","206041119","East Melbourne"
"Spring Street - Stop 9","9","17882",206041122,"Melbourne","206041122","Melbourne"
"William Street - Stop 3","3","17885",206041122,"Melbourne","206041122","Melbourne"
"Queen Street - Stop 4","4","17886",206041122,"Melbourne","206041122","Melbourne"
"Bourke Street Mall - Stop 5","5","17887",206041122,"Melbourne","206041122","Melbourne"
"Swanston Street - Stop 6","6","17888",206041122,"Melbourne","206041122","Melbourne"
"Russell Street - Stop 7","7","17889",206041122,"Melbourne","206041122","Melbourne"
"Spring Street - Stop 9","9","17891",206041122,"Melbourne","206041122","Melbourne"
"Parliament Station - Stop 10","10","17892",206041119,"East Melbourne","206041119","East Melbourne"
"Victoria Parade - Stop 11","11","17893",206041119,"East Melbourne","206041119","East Melbourne"
"Melbourne Museum - Stop 12","12","17894",206041117,"Carlton","206041117","Carlton"
"St Vincents Plaza - Stop 12","12","17895",206041119,"East Melbourne","206041119","East Melbourne"
"Albert Street - Stop 11","11","17896",206041119,"East Melbourne","206041119","East Melbourne"
"Parliament Station - Stop 10","10","17897",206041119,"East Melbourne","206041119","East Melbourne"
"Spring Street - Stop 8","8","17898",206041122,"Melbourne","206041122","Melbourne"
"Town Hall - Stop 6","6","17901",206041122,"Melbourne","206041122","Melbourne"
"Elizabeth Street - Stop 5","5","17902",206041122,"Melbourne","206041122","Melbourne"
"William Street - Stop 3","3","17903",206041122,"Melbourne","206041122","Melbourne"
"Southern Cross Station - Stop 1","1","17905",206041122,"Melbourne","206041122","Melbourne"
"Southern Cross Station - Stop 1","1","17906",206041122,"Melbourne","206041122","Melbourne"
"William Street - Stop 3","3","17908",206041122,"Melbourne","206041122","Melbourne"
"Elizabeth Street - Stop 5","5","17910",206041122,"Melbourne","206041122","Melbourne"
"Town Hall - Stop 6","6","17911",206041122,"Melbourne","206041122","Melbourne"
"Spring Street - Stop 8","8","17914",206041122,"Melbourne","206041122","Melbourne"
"Parliament Station - Stop 10","10","17915",206041119,"East Melbourne","206041119","East Melbourne"
"Epsom Road - Stop 40","40","17935",206031116,"Moonee Ponds","206031116","Moonee Ponds"
"Bowen Street - Stop 39","39","17936",206031116,"Moonee Ponds","206031116","Moonee Ponds"
"Hotham Street - Stop 38","38","17937",206031116,"Moonee Ponds","206031116","Moonee Ponds"
"Union Road - Stop 37","37","17938",206031116,"Moonee Ponds","206031116","Moonee Ponds"
"Bayview Terrace - Stop 36","36","17939",206031116,"Moonee Ponds","206031116","Moonee Ponds"
"Moore Street - Stop 35","35","17940",206031116,"Moonee Ponds","206031116","Moonee Ponds"
"Ascot Vale Road - Stop 34","34","17941",206031116,"Moonee Ponds","206031116","Moonee Ponds"
"Chaucer Street - Stop 33","33","17942",206031116,"Moonee Ponds","206031116","Moonee Ponds"
"St Leonards Road - Stop 36","36","17945",206031113,"Ascot Vale","206031113","Ascot Vale"
"Bloomfield Road - Stop 35","35","17946",206031113,"Ascot Vale","206031113","Ascot Vale"
"Burrowes Street - Stop 34","34","17947",206031113,"Ascot Vale","206031113","Ascot Vale"
"Melbourne Showgrounds - Stop 33","33","17948",206031113,"Ascot Vale","206031113","Ascot Vale"
"Sandown Road - Stop 32","32","17949",206031113,"Ascot Vale","206031113","Ascot Vale"
"Racing Victoria - Stop 31","31","17950",206031115,"Flemington","206031115","Flemington"
"Flemington Drive - Stop 30","30","17951",206031115,"Flemington","206031115","Flemington"
"Flemington Racecourse - Stop 29","29","17952",206031115,"Flemington","206031115","Flemington"
"Smithfield Road - Stop 28","28","17953",206031115,"Flemington","206031115","Flemington"
"Newmarket Station - Stop 26","26","17954",206031115,"Flemington","206031115","Flemington"
"Wellington Street - Stop 25","25","17955",206031115,"Flemington","206031115","Flemington"
"Victoria Street - Stop 24","24","17956",206031115,"Flemington","206031115","Flemington"
"Stubbs Street - Stop 23","23","17957",206031115,"Flemington","206031115","Flemington"
"Boundary Road - Stop 22","22","17958",206041123,"North Melbourne","206041123","North Melbourne"
"Melrose Street - Stop 20","20","17959",206041124,"Parkville","206041124","Parkville"
"Abbotsford St Interchange - Stop 19","19","17961",206041123,"North Melbourne","206041123","North Melbourne"
"Albert Street - Stop 11","11","18006",206041119,"East Melbourne","206041119","East Melbourne"
"Nicholson Street - Stop 10","10","18009",206041119,"East Melbourne","206041119","East Melbourne"
"La Trobe St (Spring St) - Stop 9","9","18010",206041122,"Melbourne","206041122","Melbourne"
"Exhibition Street - Stop 8","8","18011",206041122,"Melbourne","206041122","Melbourne"
"Melbourne Central Station - Stop 6","6","18030",206041122,"Melbourne","206041122","Melbourne"
"Melbourne Central Station - Stop 5","5","18031",206041122,"Melbourne","206041122","Melbourne"
"Queen Street - Stop 4","4","18032",206041122,"Melbourne","206041122","Melbourne"
"Flagstaff Station - Stop 3","3","18033",206041122,"Melbourne","206041122","Melbourne"
"Spencer Street - Stop 1","1","18035",206041122,"Melbourne","206041122","Melbourne"
"NewQuay - Stop D10","D10","18037",206041118,"Docklands","206041118","Docklands"
"Waterfront City - Stop D11","D11","18038",206041118,"Docklands","206041118","Docklands"
"NewQuay - Stop D10","D10","18039",206041118,"Docklands","206041118","Docklands"
"Etihad Stadium - Stop D1","D1","18040",206041118,"Docklands","206041118","Docklands"
"Spencer Street - Stop 119","119","18041",206041123,"North Melbourne","206041123","North Melbourne"
"King Street - Stop 2","2","18042",206041123,"North Melbourne","206041123","North Melbourne"
"Flagstaff Station - Stop 3","3","18043",206041123,"North Melbourne","206041123","North Melbourne"
"Queen Street - Stop 4","4","18044",206041122,"Melbourne","206041122","Melbourne"
"Melbourne Central Station - Stop 5","5","18045",206041122,"Melbourne","206041122","Melbourne"
"Melbourne Central Station - Stop 6","6","18046",206041122,"Melbourne","206041122","Melbourne"
"Russell Street - Stop 7","7","18047",206041122,"Melbourne","206041122","Melbourne"
"Exhibition Street - Stop 8","8","18048",206041122,"Melbourne","206041122","Melbourne"
"Victoria Street - Stop 9","9","18049",206041122,"Melbourne","206041122","Melbourne"
"Nicholson Street - Stop 10","10","18050",206041117,"Carlton","206041117","Carlton"
"St Vincents Plaza - Stop 12","12","18051",206071142,"Fitzroy","206071142","Fitzroy"
"Central Pier - Stop D2","D2","18052",206041118,"Docklands","206041118","Docklands"
"Etihad Stadium/Bourke Street - Stop D3","D3","18053",206041118,"Docklands","206041118","Docklands"
"Docklands Park - Stop D4","D4","18054",206041118,"Docklands","206041118","Docklands"
"The Goods Shed - Stop D5","D5","18055",206041118,"Docklands","206041118","Docklands"
"Flinders St West - Stop D6","D6","18056",206041118,"Docklands","206041118","Docklands"
"Chapman Street - Stop 18","18","18057",206041123,"North Melbourne","206041123","North Melbourne"
"Molesworth Street - Stop 17","17","18058",206041123,"North Melbourne","206041123","North Melbourne"
"Haines Street - Stop 16","16","18059",206041123,"North Melbourne","206041123","North Melbourne"
"Arden Street - Stop 15","15","18060",206041123,"North Melbourne","206041123","North Melbourne"
"Queensberry Street - Stop 14","14","18061",206041123,"North Melbourne","206041123","North Melbourne"
"Royal Park - Stop 22","22","18063",206041124,"Parkville","206041124","Parkville"
"Macarthur Road - Stop 23","23","18064",206041124,"Parkville","206041124","Parkville"
"State Netball Hockey Centre - Stop 24","24","18065",206041124,"Parkville","206041124","Parkville"
"Melbourne Zoo - Stop 25","25","18066",206041124,"Parkville","206041124","Parkville"
"Royal Park Station - Stop 26","26","18067",206041124,"Parkville","206041124","Parkville"
"Park Street - Stop 28","28","18068",206041124,"Parkville","206041124","Parkville"
"Brunswick Road - Stop 29","29","18069",206011105,"Brunswick","206011105","Brunswick"
"Union Square SC - Stop 30","30","18071",206011105,"Brunswick","206011105","Brunswick"
"Grantham Street - Stop 31","31","18072",206011105,"Brunswick","206011105","Brunswick"
"Foden Street - Stop 32","32","18073",206011107,"Brunswick West","206011107","Brunswick West"
"Daly Street - Stop 33","33","18074",206011107,"Brunswick West","206011107","Brunswick West"
"Smith Street - Stop 34","34","18075",206011107,"Brunswick West","206011107","Brunswick West"
"Victoria Street - Stop 35","35","18076",206011107,"Brunswick West","206011107","Brunswick West"
"Hope Street - Stop 36","36","18077",206011107,"Brunswick West","206011107","Brunswick West"
"Albion Street - Stop 37","37","18078",206011107,"Brunswick West","206011107","Brunswick West"
"Jacobs Reserve - Stop 38","38","18079",206011107,"Brunswick West","206011107","Brunswick West"
"Mattingley Crescent - Stop 39","39","18080",206011107,"Brunswick West","206011107","Brunswick West"
"Moreland Road - Stop 40","40","18081",206011108,"Coburg","206011108","Coburg"
"Lever Street - Stop 41","41","18082",206011109,"Pascoe Vale South","206011109","Pascoe Vale South"
"Reynard Street - Stop 42","42","18083",206011109,"Pascoe Vale South","206011109","Pascoe Vale South"
"Princes Terrace - Stop 43","43","18084",206011109,"Pascoe Vale South","206011109","Pascoe Vale South"
"Brearley Parade - Stop 44","44","18085",206011109,"Pascoe Vale South","206011109","Pascoe Vale South"
"West Coburg - Stop 45","45","18086",206011109,"Pascoe Vale South","206011109","Pascoe Vale South"
"Market Street - Stop 3","3","18087",206041122,"Melbourne","206041122","Melbourne"
"Flinders Street Station - Stop 4","4","18089",206041122,"Melbourne","206041122","Melbourne"
"Flinders Street Station - Stop 5","5","18090",206041122,"Melbourne","206041122","Melbourne"
"Russell Street - Stop 6","6","18091",206041119,"East Melbourne","206041119","East Melbourne"
"Spring Street - Stop 8","8","18092",206041122,"Melbourne","206041122","Melbourne"
"Lansdowne Street - Stop 9","9","18093",206041119,"East Melbourne","206041119","East Melbourne"
"Jolimont Road - Stop 10","10","18094",206041119,"East Melbourne","206041119","East Melbourne"
"Jolimont Station - Stop 11","11","18095",206041119,"East Melbourne","206041119","East Melbourne"
"Simpson Street - Stop 13","13","18097",206041119,"East Melbourne","206041119","East Melbourne"
"Punt Road - Stop 14","14","18098",206041119,"East Melbourne","206041119","East Melbourne"
"Punt Road - Stop 14","14","18099",206071144,"Richmond (Vic.)","206071144","Richmond (Vic.)"
"Simpson Street - Stop 13","13","18100",206041119,"East Melbourne","206041119","East Melbourne"
"Jolimont Station - Stop 11","11","18102",206041119,"East Melbourne","206041119","East Melbourne"
"Jolimont Road - Stop 10","10","18103",206041119,"East Melbourne","206041119","East Melbourne"
"Lansdowne Street - Stop 9","9","18104",206041119,"East Melbourne","206041119","East Melbourne"
"Spring Street - Stop 8","8","18105",206041119,"East Melbourne","206041119","East Melbourne"
"Rod Laver Arena - Stop 7B","7B","18108",206041119,"East Melbourne","206041119","East Melbourne"
"MCG Hisense Arena - Stop 7C","7C","18116",206041119,"East Melbourne","206041119","East Melbourne"
"AAMI Park - Stop 7D","7D","18118",206041119,"East Melbourne","206041119","East Melbourne"
"Punt Road - Stop 7E","7E","18121",206041119,"East Melbourne","206041119","East Melbourne"
"Punt Road - Stop 7E","7E","18126",206071144,"Richmond (Vic.)","206071144","Richmond (Vic.)"
"AAMI Park - Stop 7D","7D","18155",206041119,"East Melbourne","206041119","East Melbourne"
"MCG Hisense Arena - Stop 7C","7C","18161",206041119,"East Melbourne","206041119","East Melbourne"
"Rod Laver Arena - Stop 7B","7B","18172",206041119,"East Melbourne","206041119","East Melbourne"
"Exhibition Street - Stop 7","7","18173",206041119,"East Melbourne","206041119","East Melbourne"
"Russell Street - Stop 6","6","18174",206041122,"Melbourne","206041122","Melbourne"
"Flinders Street Station - Stop 5","5","18175",206041122,"Melbourne","206041122","Melbourne"
"Flinders Street Station - Stop 4","4","18176",206041122,"Melbourne","206041122","Melbourne"
"Market Street - Stop 3","3","18178",206041122,"Melbourne","206041122","Melbourne"
"Flinders St West - Stop D6","D6","18179",206041118,"Docklands","206041118","Docklands"
"The Goods Shed - Stop D5","D5","18180",206041118,"Docklands","206041118","Docklands"
"Docklands Park - Stop D4","D4","18181",206041118,"Docklands","206041118","Docklands"
"Etihad Stadium/Bourke Street - Stop D3","D3","18182",206041118,"Docklands","206041118","Docklands"
"Central Pier - Stop D2","D2","18183",206041118,"Docklands","206041118","Docklands"
"Port Junction - Stop 125","125","18184",206041126,"Southbank","206041126","Southbank"
"Casino/MCEC - Stop 124A","124A","18185",206041126,"Southbank","206041126","Southbank"
"Batman Park - Stop 124","124","18186",206041118,"Docklands","206041118","Docklands"
"Southern Cross Station - Stop 122","122","18187",206041118,"Docklands","206041118","Docklands"
"Lonsdale Street - Stop 120","120","18189",206041118,"Docklands","206041118","Docklands"
"La Trobe Street - Stop 119","119","18190",206041118,"Docklands","206041118","Docklands"
"Lonsdale Street - Stop 120","120","18192",206041122,"Melbourne","206041122","Melbourne"
"Southern Cross Station - Stop 122","122","18194",206041122,"Melbourne","206041122","Melbourne"
"Batman Park - Stop 124","124","18196",206041122,"Melbourne","206041122","Melbourne"
"Casino/MCEC - Stop 124A","124A","18197",206041126,"Southbank","206041126","Southbank"
"Whiteman Street - Stop 124B","124B","18198",206041126,"Southbank","206041126","Southbank"
"Bourke Street - Stop 5","5","18199",206041122,"Melbourne","206041122","Melbourne"
"Lonsdale Street - Stop 6","6","18200",206041122,"Melbourne","206041122","Melbourne"
"La Trobe Street - Stop 7","7","18201",206041122,"Melbourne","206041122","Melbourne"
"Franklin Street - Stop 8","8","18202",206041123,"North Melbourne","206041123","North Melbourne"
"Victoria Street - Stop 10","10","18203",206041123,"North Melbourne","206041123","North Melbourne"
"Victoria Street - Stop 10","10","18204",206041123,"North Melbourne","206041123","North Melbourne"
"Queen Victoria Market - Stop 9","9","18205",206041122,"Melbourne","206041122","Melbourne"
"Queen Victoria Market - Stop 9","9","18206",206041123,"North Melbourne","206041123","North Melbourne"
"Franklin Street - Stop 8","8","18207",206041122,"Melbourne","206041122","Melbourne"
"Flagstaff Station - Stop 7","7","18208",206041122,"Melbourne","206041122","Melbourne"
"Lonsdale Street - Stop 6","6","18209",206041122,"Melbourne","206041122","Melbourne"
"Bourke Street - Stop 5","5","18210",206041122,"Melbourne","206041122","Melbourne"
"Collins Street - Stop 4","4","18211",206041122,"Melbourne","206041122","Melbourne"
"Market Street - Stop 2","2","18213",206041122,"Melbourne","206041122","Melbourne"
"Flinders Street - Stop 1","1","18214",206041122,"Melbourne","206041122","Melbourne"
"Casino East - Stop 112","112","18215",206041126,"Southbank","206041126","Southbank"
"York Street - Stop 115","115","18217",206041126,"Southbank","206041126","Southbank"
"Sturt Street - Stop 116","116","18218",206041126,"Southbank","206041126","Southbank"
"Park Street - Stop 118","118","18219",206051132,"South Melbourne","206051132","South Melbourne"
"Kings Way - Stop 118","118","18221",206051132,"South Melbourne","206051132","South Melbourne"
"Sturt Street - Stop 116","116","18222",206051132,"South Melbourne","206051132","South Melbourne"
"York Street - Stop 115","115","18223",206051132,"South Melbourne","206051132","South Melbourne"
"Kings Way - Stop 20","20","18224",206041126,"Southbank","206041126","Southbank"
"Miles Street - Stop 19","19","18225",206041126,"Southbank","206041126","Southbank"
"Grant Street - Stop 18","18","18226",206041126,"Southbank","206041126","Southbank"
"Southbank Boulevard - Stop 17","17","18227",206041126,"Southbank","206041126","Southbank"
"Sturt Street - Stop 17","17","18229",206041126,"Southbank","206041126","Southbank"
"Grant Street - Stop 18","18","18230",206041126,"Southbank","206041126","Southbank"
"Miles Street - Stop 19","19","18231",206041126,"Southbank","206041126","Southbank"
"Kings Way - Stop 20","20","18232",206041126,"Southbank","206041126","Southbank"
"City Road - Stop 114","114","18233",206041126,"Southbank","206041126","Southbank"
"St Kilda Primary School - Stop 36","36","18364",206051133,"St Kilda","206051133","St Kilda"
"Wimbledon Avenue - Stop 38","38","18365",206051129,"Elwood","206051129","Elwood"
"Glen Eira Road - Stop 39","39","18367",206051129,"Elwood","206051129","Elwood"
"Scott Street - Stop 40","40","18368",206051129,"Elwood","206051129","Elwood"
"Coleridge Street - Stop 41","41","18369",206051129,"Elwood","206051129","Elwood"
"Hotham Street - Stop 42","42","18370",206051129,"Elwood","206051129","Elwood"
"Orrong Road - Stop 38","38","18443",206061136,"Prahran - Windsor","206061136","Prahran - Windsor"
"Lansdowne Road - Stop 37","37","18444",206061136,"Prahran - Windsor","206061136","Prahran - Windsor"
"Alexandra Street - Stop 36","36","18445",206061136,"Prahran - Windsor","206061136","Prahran - Windsor"
"Hotham Street - Stop 35","35","18446",206061136,"Prahran - Windsor","206061136","Prahran - Windsor"
"Westbury Street - Stop 34","34","18447",206061136,"Prahran - Windsor","206061136","Prahran - Windsor"
"Hornby Street - Stop 33","33","18448",206061136,"Prahran - Windsor","206061136","Prahran - Windsor"
"Chapel Street - Stop 32","32","18449",206061136,"Prahran - Windsor","206061136","Prahran - Windsor"
"Casino East - Stop 112","112","18450",206041126,"Southbank","206041126","Southbank"
"Flinders Street - Stop 1","1","18465",206041122,"Melbourne","206041122","Melbourne"
"Flinders Lane - Stop 2","2","18466",206041122,"Melbourne","206041122","Melbourne"
"William Street - Stop 3","3","18467",206041122,"Melbourne","206041122","Melbourne"
"Collins Street - Stop 4","4","18469",206041122,"Melbourne","206041122","Melbourne"
"Dorcas Street - Stop 22","22","18481",206051132,"South Melbourne","206051132","South Melbourne"
"Moray Street - Stop 23","23","18482",206051132,"South Melbourne","206051132","South Melbourne"
"Clarendon Street - Stop 24","24","18483",206051132,"South Melbourne","206051132","South Melbourne"
"Cecil Street - Stop 25","25","18484",206051132,"South Melbourne","206051132","South Melbourne"
"Maribyrnong Park - Stop 41","41","18485",206031113,"Ascot Vale","206031113","Ascot Vale"
"Moonee Ponds - Stop 32","32","18510",206031116,"Moonee Ponds","206031116","Moonee Ponds"
"Chaucer Street - Stop 33","33","18511",206031116,"Moonee Ponds","206031116","Moonee Ponds"
"Maribyrnong Road - Stop 34","34","18512",206031116,"Moonee Ponds","206031116","Moonee Ponds"
"Moore Street - Stop 35","35","18513",206031113,"Ascot Vale","206031113","Ascot Vale"
"Maribyrnong Road - Stop 36","36","18514",206031113,"Ascot Vale","206031113","Ascot Vale"
"Union Road - Stop 37","37","18515",206031113,"Ascot Vale","206031113","Ascot Vale"
"Ferguson Street - Stop 38","38","18516",206031113,"Ascot Vale","206031113","Ascot Vale"
"Bowen Street - Stop 39","39","18517",206031113,"Ascot Vale","206031113","Ascot Vale"
"Epsom Road - Stop 40","40","18518",206031113,"Ascot Vale","206031113","Ascot Vale"
"Maribyrnong Road - Stop 37","37","18519",206031113,"Ascot Vale","206031113","Ascot Vale"
"St Leonards Road - Stop 36","36","18520",206031113,"Ascot Vale","206031113","Ascot Vale"
"Munro Street - Stop 35","35","18521",206031113,"Ascot Vale","206031113","Ascot Vale"
"Burrowes Street - Stop 34","34","18522",206031113,"Ascot Vale","206031113","Ascot Vale"
"Melbourne Showgrounds - Stop 33","33","18523",206041120,"Flemington Racecourse","206041120","Flemington Racecourse"
"Sandown Road - Stop 32","32","18524",206041120,"Flemington Racecourse","206041120","Flemington Racecourse"
"Racing Victoria - Stop 31","31","18525",206041120,"Flemington Racecourse","206041120","Flemington Racecourse"
"Flemington Drive - Stop 30","30","18526",206041120,"Flemington Racecourse","206041120","Flemington Racecourse"
"Flemington Racecourse - Stop 29","29","18527",206041121,"Kensington","206041121","Kensington"
"Smithfield Road - Stop 28","28","18528",206041121,"Kensington","206041121","Kensington"
"Newmarket Station - Stop 26","26","18529",206041121,"Kensington","206041121","Kensington"
"Wellington Street - Stop 25","25","18530",206041121,"Kensington","206041121","Kensington"
"Collett Street - Stop 24","24","18531",206041121,"Kensington","206041121","Kensington"
"Stubbs Street - Stop 23","23","18532",206041121,"Kensington","206041121","Kensington"
"Boundary Road - Stop 22","22","18533",206041123,"North Melbourne","206041123","North Melbourne"
"Abbotsford St Interchange - Stop 19","19","18536",206041123,"North Melbourne","206041123","North Melbourne"
"Erskine Street - Stop 18","18","18537",206041123,"North Melbourne","206041123","North Melbourne"
"Canning Street - Stop 17","17","18538",206041123,"North Melbourne","206041123","North Melbourne"
"Haines Street - Stop 16","16","18539",206041123,"North Melbourne","206041123","North Melbourne"
"Arden Street - Stop 15","15","18540",206041123,"North Melbourne","206041123","North Melbourne"
"Abbotsford Street - Stop 14","14","18541",206041123,"North Melbourne","206041123","North Melbourne"
"Royal Park - Stop 22","22","18543",206041124,"Parkville","206041124","Parkville"
"Macarthur Road - Stop 23","23","18544",206041124,"Parkville","206041124","Parkville"
"State Netball Hockey Centre - Stop 24","24","18545",206041124,"Parkville","206041124","Parkville"
"Melbourne Zoo - Stop 25","25","18546",206041124,"Parkville","206041124","Parkville"
"Royal Park Station - Stop 26","26","18547",206041124,"Parkville","206041124","Parkville"
"Park Street - Stop 28","28","18548",206041124,"Parkville","206041124","Parkville"
"Brunswick Road - Stop 29","29","18549",206011107,"Brunswick West","206011107","Brunswick West"
"Union Square SC - Stop 30","30","18550",206011107,"Brunswick West","206011107","Brunswick West"
"Dawson Street - Stop 31","31","18551",206011107,"Brunswick West","206011107","Brunswick West"
"Foden Street - Stop 32","32","18552",206011107,"Brunswick West","206011107","Brunswick West"
"South Daly Street - Stop 33","33","18553",206011107,"Brunswick West","206011107","Brunswick West"
"Smith Street - Stop 34","34","18554",206011107,"Brunswick West","206011107","Brunswick West"
"Victoria Street - Stop 35","35","18555",206011107,"Brunswick West","206011107","Brunswick West"
"Hope Street - Stop 36","36","18556",206011107,"Brunswick West","206011107","Brunswick West"
"Albion Street - Stop 37","37","18557",206011107,"Brunswick West","206011107","Brunswick West"
"Jacobs Reserve - Stop 38","38","18558",206011107,"Brunswick West","206011107","Brunswick West"
"McGregor Avenue - Stop 39","39","18559",206011107,"Brunswick West","206011107","Brunswick West"
"Moreland Road - Stop 40","40","18560",206011107,"Brunswick West","206011107","Brunswick West"
"Woodlands Avenue - Stop 41","41","18561",206011109,"Pascoe Vale South","206011109","Pascoe Vale South"
"Reynard Street - Stop 42","42","18562",206011109,"Pascoe Vale South","206011109","Pascoe Vale South"
"Princes Terrace - Stop 43","43","18563",206011109,"Pascoe Vale South","206011109","Pascoe Vale South"
"Brearley Parade - Stop 44","44","18564",206011109,"Pascoe Vale South","206011109","Pascoe Vale South"
"Ferrars Street - Stop 26","26","18573",206051132,"South Melbourne","206051132","South Melbourne"
"Victoria Street - Stop 65","65","18591",206071144,"Richmond (Vic.)","206071144","Richmond (Vic.)"
"Elizabeth Street - Stop 64","64","18592",206071144,"Richmond (Vic.)","206071144","Richmond (Vic.)"
"Tweedie Place - Stop 63","63","18593",206071144,"Richmond (Vic.)","206071144","Richmond (Vic.)"
"Highett Street - Stop 62","62","18594",206071144,"Richmond (Vic.)","206071144","Richmond (Vic.)"
"Bridge Road - Stop 61","61","18595",206071144,"Richmond (Vic.)","206071144","Richmond (Vic.)"
"Abinger Street - Stop 60","60","18596",206071144,"Richmond (Vic.)","206071144","Richmond (Vic.)"
"St Ignatius Church - Stop 59","59","18597",206071144,"Richmond (Vic.)","206071144","Richmond (Vic.)"
"Gipps Street - Stop 58","58","18598",206071144,"Richmond (Vic.)","206071144","Richmond (Vic.)"
"Swan Street - Stop 57","57","18599",206071144,"Richmond (Vic.)","206071144","Richmond (Vic.)"
"Adelaide Street - Stop 55","55","18601",206071144,"Richmond (Vic.)","206071144","Richmond (Vic.)"
"Balmain Street - Stop 54","54","18602",206071144,"Richmond (Vic.)","206071144","Richmond (Vic.)"
"Howard Street - Stop 53","53","18603",206071144,"Richmond (Vic.)","206071144","Richmond (Vic.)"
"Malcolm Street - Stop 51","51","18605",206061137,"South Yarra - East","206061137","South Yarra - East"
"Toorak Road - Stop 50","50","18606",206061137,"South Yarra - East","206061137","South Yarra - East"
"Arthur Street - Stop 49","49","18607",206061137,"South Yarra - East","206061137","South Yarra - East"
"Cliff Street - Stop 48","48","18608",206061137,"South Yarra - East","206061137","South Yarra - East"
"Commercial Road - Stop 47","47","18609",206061136,"Prahran - Windsor","206061136","Prahran - Windsor"
"Chatham Street - Stop 46","46","18610",206061136,"Prahran - Windsor","206061136","Prahran - Windsor"
"High Street - Stop 45","45","18611",206061136,"Prahran - Windsor","206061136","Prahran - Windsor"
"Duke Street - Stop 44","44","18612",206061136,"Prahran - Windsor","206061136","Prahran - Windsor"
"Windsor Station - Stop 43","43","18613",206061136,"Prahran - Windsor","206061136","Prahran - Windsor"
"Dandenong Road - Stop 42","42","18614",206051133,"St Kilda","206051133","St Kilda"
"St Michael's Grammar School - Stop 41","41","18615",206051133,"St Kilda","206051133","St Kilda"
"Alma Road - Stop 40","40","18616",206051133,"St Kilda","206051133","St Kilda"
"Argyle Street - Stop 39","39","18617",206051133,"St Kilda","206051133","St Kilda"
"Inkerman Street - Stop 38","38","18618",206051133,"St Kilda","206051133","St Kilda"
"Chapel Street - Stop 37","37","18619",206051134,"St Kilda East","206051134","St Kilda East"
"St Kilda Town Hall - Stop 36","36","18620",206051133,"St Kilda","206051133","St Kilda"
"Carlisle St - Stop 37","37","18621",206051133,"St Kilda","206051133","St Kilda"
"Brighton Road Terminus - Stop 36","36","18622",206051134,"St Kilda East","206051134","St Kilda East"
"Brighton Road - Stop 35","35","18623",206051133,"St Kilda","206051133","St Kilda"
"Greeves Street - Stop 34","34","18624",206051133,"St Kilda","206051133","St Kilda"
"Barkly Street - Stop 33","33","18625",206051133,"St Kilda","206051133","St Kilda"
"Balaclava Station - Stop 38","38","18632",206051134,"St Kilda East","206051134","St Kilda East"
"Orange Grove - Stop 39","39","18633",206051134,"St Kilda East","206051134","St Kilda East"
"Park Street - Stop 27","27","18658",206051132,"South Melbourne","206051132","South Melbourne"
"Montague Street - Stop 28","28","18659",206051128,"Albert Park","206051128","Albert Park"
"Cardigan Street - Stop 29","29","18660",206051128,"Albert Park","206051128","Albert Park"
"Richardson Street - Stop 30","30","18661",206051128,"Albert Park","206051128","Albert Park"
"Little Page Street - Stop 31","31","18662",206051128,"Albert Park","206051128","Albert Park"
"Beaconsfield Parade - Stop 32","32","18663",206051128,"Albert Park","206051128","Albert Park"
"Dallas Brooks Drive - Stop 21","21","18665",206041125,"South Yarra - West","206041125","South Yarra - West"
"Melbourne Grammar - Stop 22","22","18666",206041125,"South Yarra - West","206041125","South Yarra - West"
"Hope Street - Stop 23","23","18667",206041125,"South Yarra - West","206041125","South Yarra - West"
"Domain Road - Stop 24","24","18668",206041125,"South Yarra - West","206041125","South Yarra - West"
"Randall Place - Stop 25","25","18669",206041125,"South Yarra - West","206041125","South Yarra - West"
"Park Street - Stop 26","26","18670",206041125,"South Yarra - West","206041125","South Yarra - West"
"Walsh Street - Stop 27","27","18699",206041125,"South Yarra - West","206041125","South Yarra - West"
"Punt Road - Stop 28","28","18700",206061137,"South Yarra - East","206061137","South Yarra - East"
"Myrtle Street - Stop 29","29","18702",206061137,"South Yarra - East","206061137","South Yarra - East"
"South Yarra Station - Stop 30","30","18703",206061137,"South Yarra - East","206061137","South Yarra - East"
"Chapel Street - Stop 31","31","18704",206061137,"South Yarra - East","206061137","South Yarra - East"
"Surrey Rd Nth - Stop 32","32","18705",206061137,"South Yarra - East","206061137","South Yarra - East"
"Como Avenue - Stop 33","33","18706",206061137,"South Yarra - East","206061137","South Yarra - East"
"Williams Road - Stop 34","34","18707",206061138,"Toorak","206061138","Toorak"
"Mathoura Road - Stop 35","35","18708",206061138,"Toorak","206061138","Toorak"
"Canterbury Road - Stop 36","36","18709",206061138,"Toorak","206061138","Toorak"
"Park Street - Stop 119","119","18711",206071140,"Carlton North - Princes Hill","206071140","Carlton North - Princes Hill"
"Brunswick Road - Stop 120","120","18712",206011105,"Brunswick","206011105","Brunswick"
"Weston Street - Stop 121","121","18713",206011105,"Brunswick","206011105","Brunswick"
"Glenlyon Road - Stop 122","122","18714",206011105,"Brunswick","206011105","Brunswick"
"Albert Street - Stop 123","123","18715",206011105,"Brunswick","206011105","Brunswick"
"Victoria Street - Stop 124","124","18716",206011105,"Brunswick","206011105","Brunswick"
"Blyth Street - Stop 125","125","18717",206011105,"Brunswick","206011105","Brunswick"
"Stewart Street - Stop 126","126","18718",206011105,"Brunswick","206011105","Brunswick"
"Albion Street - Stop 127","127","18719",206011105,"Brunswick","206011105","Brunswick"
"Mitchell Street - Stop 128","128","18720",206011106,"Brunswick East","206011106","Brunswick East"
"Moreland Road - Stop 129","129","18721",206011105,"Brunswick","206011105","Brunswick"
"Barrow Street - Stop 130","130","18722",206011105,"Brunswick","206011105","Brunswick"
"De Carle Street - Stop 131","131","18723",206011105,"Brunswick","206011105","Brunswick"
"Sydney Road - Stop 132","132","18724",206011105,"Brunswick","206011105","Brunswick"
"Cameron Street - Stop 133","133","18725",206011105,"Brunswick","206011105","Brunswick"
"The Avenue - Stop 130","130","18726",206011108,"Coburg","206011108","Coburg"
"Rennie Street - Stop 131","131","18727",206011108,"Coburg","206011108","Coburg"
"Crozier Street - Stop 132","132","18728",206011108,"Coburg","206011108","Coburg"
"Harding Street - Stop 133","133","18729",206011108,"Coburg","206011108","Coburg"
"Merribell Avenue - Stop 134","134","18730",206011108,"Coburg","206011108","Coburg"
"Orrong Road - Stop 37","37","18781",206061138,"Toorak","206061138","Toorak"
"Woorigoleen Road - Stop 38","38","18782",206061138,"Toorak","206061138","Toorak"
"Irving Road - Stop 39","39","18783",206061138,"Toorak","206061138","Toorak"
"Kooyong Road - Stop 40","40","18784",206061138,"Toorak","206061138","Toorak"
"Macquarie Road - Stop 41","41","18785",206061138,"Toorak","206061138","Toorak"
"Hopetoun Road - Stop 42","42","18786",206061138,"Toorak","206061138","Toorak"
"Glenferrie Road - Stop 43","43","18787",206061138,"Toorak","206061138","Toorak"
"Lygon Street - Stop 112","112","18789",206041117,"Carlton","206041117","Carlton"
"Lytton Street - Stop 113","113","18790",206041117,"Carlton","206041117","Carlton"
"Princes Street - Stop 114","114","18791",206041117,"Carlton","206041117","Carlton"
"Melbourne Cemetery East - Stop 115","115","18792",206071140,"Carlton North - Princes Hill","206071140","Carlton North - Princes Hill"
"Fenwick Street - Stop 116","116","18793",206071140,"Carlton North - Princes Hill","206071140","Carlton North - Princes Hill"
"Richardson Street - Stop 117","117","18794",206071140,"Carlton North - Princes Hill","206071140","Carlton North - Princes Hill"
"Pigdon Street - Stop 118","118","18795",206071140,"Carlton North - Princes Hill","206071140","Carlton North - Princes Hill"
"Alfred Hospital - Stop 26","26","18899",206041125,"South Yarra - West","206041125","South Yarra - West"
"Punt Road - Stop 27","27","18918",206041125,"South Yarra - West","206041125","South Yarra - West"
"Braille Library - Stop 28","28","18923",206061137,"South Yarra - East","206061137","South Yarra - East"
"Porter Street - Stop 29","29","18931",206061137,"South Yarra - East","206061137","South Yarra - East"
"Prahran Market - Stop 30","30","18933",206061137,"South Yarra - East","206061137","South Yarra - East"
"Chapel Street - Stop 31","31","18934",206061137,"South Yarra - East","206061137","South Yarra - East"
"Surrey Road - Stop 32","32","18935",206061137,"South Yarra - East","206061137","South Yarra - East"
"Francis Street - Stop 33","33","18936",206061137,"South Yarra - East","206061137","South Yarra - East"
"Williams Road - Stop 34","34","18937",206061137,"South Yarra - East","206061137","South Yarra - East"
"Mathoura Road - Stop 35","35","18938",206061138,"Toorak","206061138","Toorak"
"A'Beckett Street - Stop 36","36","18939",206061138,"Toorak","206061138","Toorak"
"Toorak Station - Stop 37","37","18940",206061138,"Toorak","206061138","Toorak"
"Clendon Road - Stop 38","38","18941",206061138,"Toorak","206061138","Toorak"
"Irving Road - Stop 39","39","18942",206061138,"Toorak","206061138","Toorak"
"Kooyong Road - Stop 40","40","18943",206061138,"Toorak","206061138","Toorak"
"Albany Road - Stop 41","41","18944",206061138,"Toorak","206061138","Toorak"
"Lauriston Girls School - Stop 42","42","18945",206061138,"Toorak","206061138","Toorak"
"Glenferrie Road - Stop 43","43","18946",206061138,"Toorak","206061138","Toorak"
"St Kilda Primary School - Stop 36","36","18973",206051133,"St Kilda","206051133","St Kilda"
"Chapel Street - Stop 37","37","18974",206051134,"St Kilda East","206051134","St Kilda East"
"Brunning Street - Stop 38","38","18975",206051134,"St Kilda East","206051134","St Kilda East"
"Glen Eira Road - Stop 39","39","18976",206051134,"St Kilda East","206051134","St Kilda East"
"Scott Street - Stop 40","40","18977",206051134,"St Kilda East","206051134","St Kilda East"
"Coleridge Street - Stop 41","41","18978",206051134,"St Kilda East","206051134","St Kilda East"
"Hotham Street - Stop 42","42","18979",206051134,"St Kilda East","206051134","St Kilda East"
"Hawthorn Road - Stop 48","48","19019",206061135,"Armadale","206061135","Armadale"
"Bailey Avenue - Stop 44","44","19023",206061135,"Armadale","206061135","Armadale"
"Egerton Road - Stop 43","43","19024",206061135,"Armadale","206061135","Armadale"
"Kooyong Road - Stop 42","42","19025",206061135,"Armadale","206061135","Armadale"
"Cantala Avenue - Stop 41","41","19026",206061135,"Armadale","206061135","Armadale"
"Wattletree Road - Stop 40","40","19027",206061135,"Armadale","206061135","Armadale"
"Lansdowne Rd - Stop 37","37","19029",206051134,"St Kilda East","206051134","St Kilda East"
"Closeburn Avenue - Stop 36","36","19030",206051134,"St Kilda East","206051134","St Kilda East"
"Williams Road - Stop 35","35","19031",206051134,"St Kilda East","206051134","St Kilda East"
"The Avenue - Stop 34","34","19032",206051134,"St Kilda East","206051134","St Kilda East"
"Hornby Street - Stop 33","33","19033",206051134,"St Kilda East","206051134","St Kilda East"
"Chapel Street - Stop 32","32","19034",206051133,"St Kilda","206051133","St Kilda"
"Queens Way - Stop 31","31","19035",206051133,"St Kilda","206051133","St Kilda"
"Lauriston Girls School - Stop 42","42","19064",206061135,"Armadale","206061135","Armadale"
"Murray Street - Stop 41","41","19065",206061135,"Armadale","206061135","Armadale"
"Kooyong Road - Stop 40","40","19066",206061135,"Armadale","206061135","Armadale"
"Densham Road - Stop 39","39","19067",206061135,"Armadale","206061135","Armadale"
"Clendon Road - Stop 38","38","19068",206061135,"Armadale","206061135","Armadale"
"Toorak Station - Stop 37","37","19069",206061135,"Armadale","206061135","Armadale"
"Baker Street - Stop 64","64","19087",206071144,"Richmond (Vic.)","206071144","Richmond (Vic.)"
"Kent Street - Stop 63","63","19088",206071144,"Richmond (Vic.)","206071144","Richmond (Vic.)"
"Highett Street - Stop 62","62","19089",206071144,"Richmond (Vic.)","206071144","Richmond (Vic.)"
"Bridge Road - Stop 61","61","19090",206071144,"Richmond (Vic.)","206071144","Richmond (Vic.)"
"Abinger Street - Stop 60","60","19091",206071144,"Richmond (Vic.)","206071144","Richmond (Vic.)"
"St Ignatius Church - Stop 59","59","19092",206071144,"Richmond (Vic.)","206071144","Richmond (Vic.)"
"Gipps Street - Stop 58","58","19093",206071144,"Richmond (Vic.)","206071144","Richmond (Vic.)"
"Swan Street - Stop 57","57","19094",206071144,"Richmond (Vic.)","206071144","Richmond (Vic.)"
"East Richmond Station - Stop 56","56","19095",206071144,"Richmond (Vic.)","206071144","Richmond (Vic.)"
"Gibbons Street - Stop 55","55","19096",206071144,"Richmond (Vic.)","206071144","Richmond (Vic.)"
"Cotter Street - Stop 54","54","19097",206071144,"Richmond (Vic.)","206071144","Richmond (Vic.)"
"Howard Street - Stop 53","53","19098",206071144,"Richmond (Vic.)","206071144","Richmond (Vic.)"
"Malcolm Street - Stop 51","51","19100",206061137,"South Yarra - East","206061137","South Yarra - East"
"Toorak Road - Stop 50","50","19101",206061137,"South Yarra - East","206061137","South Yarra - East"
"Palermo Street - Stop 49","49","19102",206061137,"South Yarra - East","206061137","South Yarra - East"
"Wilson Street - Stop 48","48","19103",206061137,"South Yarra - East","206061137","South Yarra - East"
"Malvern Road - Stop 47","47","19104",206061137,"South Yarra - East","206061137","South Yarra - East"
"Chatham Street - Stop 46","46","19105",206061136,"Prahran - Windsor","206061136","Prahran - Windsor"
"High Street - Stop 45","45","19106",206061136,"Prahran - Windsor","206061136","Prahran - Windsor"
"Duke Street - Stop 44","44","19107",206061136,"Prahran - Windsor","206061136","Prahran - Windsor"
"Windsor Station - Stop 43","43","19108",206061136,"Prahran - Windsor","206061136","Prahran - Windsor"
"Dandenong Road - Stop 42","42","19109",206061136,"Prahran - Windsor","206061136","Prahran - Windsor"
"St Michaels Grammar School - Stop 41","41","19110",206051133,"St Kilda","206051133","St Kilda"
"Alma Road - Stop 40","40","19111",206051133,"St Kilda","206051133","St Kilda"
"Argyle Street - Stop 39","39","19112",206051134,"St Kilda East","206051134","St Kilda East"
"Inkerman Street - Stop 38","38","19113",206051134,"St Kilda East","206051134","St Kilda East"
"St Kilda Town Hall - Stop 36","36","19115",206051133,"St Kilda","206051133","St Kilda"
"Carlisle Street - Stop 37","37","19116",206051134,"St Kilda East","206051134","St Kilda East"
"Brighton Road - Stop 35","35","19118",206051133,"St Kilda","206051133","St Kilda"
"Mitchell Street - Stop 34","34","19119",206051133,"St Kilda","206051133","St Kilda"
"Canterbury Road - Stop 36","36","19123",206061136,"Prahran - Windsor","206061136","Prahran - Windsor"
"Lorne Road - Stop 35","35","19124",206061136,"Prahran - Windsor","206061136","Prahran - Windsor"
"Williams Road - Stop 34","34","19125",206061136,"Prahran - Windsor","206061136","Prahran - Windsor"
"Hobson Street - Stop 33","33","19126",206061136,"Prahran - Windsor","206061136","Prahran - Windsor"
"Bendigo Street - Stop 32","32","19127",206061136,"Prahran - Windsor","206061136","Prahran - Windsor"
"Chapel Street - Stop 31","31","19128",206061136,"Prahran - Windsor","206061136","Prahran - Windsor"
"Prahran Market - Stop 30","30","19129",206061136,"Prahran - Windsor","206061136","Prahran - Windsor"
"Porter Street - Stop 29","29","19130",206061136,"Prahran - Windsor","206061136","Prahran - Windsor"
"Braille Library - Stop 28","28","19131",206061136,"Prahran - Windsor","206061136","Prahran - Windsor"
"Punt Road - Stop 27","27","19132",206061136,"Prahran - Windsor","206061136","Prahran - Windsor"
"Alfred Hospital - Stop 26","26","19133",206041125,"South Yarra - West","206041125","South Yarra - West"
"Barkly Street - Stop 33","33","19135",206051133,"St Kilda","206051133","St Kilda"
"Havelock Street - Stop 32","32","19136",206051133,"St Kilda","206051133","St Kilda"
"Curzon Street - Stop 13","13","19250",206041123,"North Melbourne","206041123","North Melbourne"
"North Melbourne Town Hall - Stop 12","12","19251",206041123,"North Melbourne","206041123","North Melbourne"
"Royal Melbourne Hospital - Stop 14","14","19253",206041124,"Parkville","206041124","Parkville"
"Gatehouse Street - Stop 16","16","19254",206041124,"Parkville","206041124","Parkville"
"Royal Childrens Hospital - Stop 19","19","19256",206041124,"Parkville","206041124","Parkville"
"Boundary Road - Stop 22","22","19259",206041124,"Parkville","206041124","Parkville"
"Flemington Community Centre - Stop 23","23","19260",206031115,"Flemington","206031115","Flemington"
"Mooltan Street - Stop 24","24","19261",206031115,"Flemington","206031115","Flemington"
"Mount Alexander College - Stop 25","25","19262",206031115,"Flemington","206031115","Flemington"
"Wellington Street - Stop 26","26","19263",206031115,"Flemington","206031115","Flemington"
"Essendon Tram Depot - Stop 27","27","19264",206031115,"Flemington","206031115","Flemington"
"Middle Street - Stop 28","28","19265",206031113,"Ascot Vale","206031113","Ascot Vale"
"Warrick Street - Stop 29","29","19266",206031113,"Ascot Vale","206031113","Ascot Vale"
"Ormond Road - Stop 30","30","19267",206031116,"Moonee Ponds","206031116","Moonee Ponds"
"Montgomery Street - Stop 31","31","19268",206031116,"Moonee Ponds","206031116","Moonee Ponds"
"Moonee Ponds Junction - Stop 33","33","19269",206031116,"Moonee Ponds","206031116","Moonee Ponds"
"Moonee Valley Civic Centre - Stop 34","34","19270",206031116,"Moonee Ponds","206031116","Moonee Ponds"
"Queen's Park - Stop 35","35","19271",206031116,"Moonee Ponds","206031116","Moonee Ponds"
"Salisbury Street - Stop 36","36","19272",206031116,"Moonee Ponds","206031116","Moonee Ponds"
"Pascoe Vale Road - Stop 38","38","19274",206031114,"Essendon - Aberfeldie","206031114","Essendon - Aberfeldie"
"Hoddle Street - Stop 39","39","19275",206031114,"Essendon - Aberfeldie","206031114","Essendon - Aberfeldie"
"Nicholson Street - Stop 40","40","19276",206031114,"Essendon - Aberfeldie","206031114","Essendon - Aberfeldie"
"Essendon Station - Stop 41","41","19277",206031114,"Essendon - Aberfeldie","206031114","Essendon - Aberfeldie"
"Richmond Station - Stop 8","8","19278",206071144,"Richmond (Vic.)","206071144","Richmond (Vic.)"
"Lennox Street - Stop 9","9","19279",206071144,"Richmond (Vic.)","206071144","Richmond (Vic.)"
"Swan Street SC - Stop 10","10","19280",206071144,"Richmond (Vic.)","206071144","Richmond (Vic.)"
"East Richmond Station - Stop 11","11","19281",206071144,"Richmond (Vic.)","206071144","Richmond (Vic.)"
"Coppin Street - Stop 12","12","19282",206071144,"Richmond (Vic.)","206071144","Richmond (Vic.)"
"Edinburgh Street - Stop 13","13","19283",206071144,"Richmond (Vic.)","206071144","Richmond (Vic.)"
"Burnley Station - Stop 14","14","19294",206071144,"Richmond (Vic.)","206071144","Richmond (Vic.)"
"Stawell Street - Stop 15","15","19295",206071144,"Richmond (Vic.)","206071144","Richmond (Vic.)"
"Park Grove - Stop 16","16","19296",206071144,"Richmond (Vic.)","206071144","Richmond (Vic.)"
"Madden Grove - Stop 17","17","19297",206071144,"Richmond (Vic.)","206071144","Richmond (Vic.)"
"Yarra Boulevard - Stop 18","18","19298",206071144,"Richmond (Vic.)","206071144","Richmond (Vic.)"
"Port Junction - Stop 125","125","19304",206041126,"Southbank","206041126","Southbank"
"Dorcas Street - Stop 22","22","19305",206051132,"South Melbourne","206051132","South Melbourne"
"Moray Street - Stop 23","23","19306",206051132,"South Melbourne","206051132","South Melbourne"
"Clarendon Street - Stop 24","24","19307",206051132,"South Melbourne","206051132","South Melbourne"
"Cecil Street - Stop 25","25","19308",206051132,"South Melbourne","206051132","South Melbourne"
"Ferrars Street - Stop 26","26","19309",206051132,"South Melbourne","206051132","South Melbourne"
"Montague Street - Stop 27","27","19310",206051132,"South Melbourne","206051132","South Melbourne"
"Bridport Street - Stop 28","28","19311",206051128,"Albert Park","206051128","Albert Park"
"Merton Street - Stop 29","29","19312",206051128,"Albert Park","206051128","Albert Park"
"Richardson Street - Stop 30","30","19313",206051128,"Albert Park","206051128","Albert Park"
"Graham Street - Stop 31","31","19314",206051128,"Albert Park","206051128","Albert Park"
"Dallas Brooks Drive - Stop 21","21","19316",206041126,"Southbank","206041126","Southbank"
"Melbourne Grammar - Stop 22","22","19317",206041126,"Southbank","206041126","Southbank"
"Hope Street - Stop 23","23","19318",206041126,"Southbank","206041126","Southbank"
"Birdwood Avenue - Stop 24","24","19319",206041126,"Southbank","206041126","Southbank"
"Randall Place - Stop 25","25","19320",206041125,"South Yarra - West","206041125","South Yarra - West"
"Toorak Road - Stop 26","26","19321",206041125,"South Yarra - West","206041125","South Yarra - West"
"Walsh Street - Stop 27","27","19322",206041125,"South Yarra - West","206041125","South Yarra - West"
"Punt Road - Stop 28","28","19323",206041125,"South Yarra - West","206041125","South Yarra - West"
"Myrtle Street - Stop 29","29","19324",206061137,"South Yarra - East","206061137","South Yarra - East"
"South Yarra Station - Stop 30","30","19325",206061137,"South Yarra - East","206061137","South Yarra - East"
"Chapel Street - Stop 31","31","19326",206061137,"South Yarra - East","206061137","South Yarra - East"
"Tivoli Road - Stop 32","32","19327",206061137,"South Yarra - East","206061137","South Yarra - East"
"Como Avenue - Stop 33","33","19328",206061137,"South Yarra - East","206061137","South Yarra - East"
"Williams Road - Stop 34","34","19329",206061137,"South Yarra - East","206061137","South Yarra - East"
"Mathoura Road - Stop 35","35","19330",206061138,"Toorak","206061138","Toorak"
"Grange Road - Stop 36","36","19331",206061138,"Toorak","206061138","Toorak"
"Orrong Road - Stop 37","37","19332",206061138,"Toorak","206061138","Toorak"
"Woorigoleen Road - Stop 38","38","19333",206061138,"Toorak","206061138","Toorak"
"Irving Road - Stop 39","39","19334",206061138,"Toorak","206061138","Toorak"
"Kooyong Road - Stop 40","40","19335",206061138,"Toorak","206061138","Toorak"
"Moonga Road - Stop 41","41","19336",206061138,"Toorak","206061138","Toorak"
"Power Avenue - Stop 42","42","19337",206061138,"Toorak","206061138","Toorak"
"Elgin Street - Stop 112","112","19340",206041117,"Carlton","206041117","Carlton"
"Lytton Street - Stop 113","113","19341",206041117,"Carlton","206041117","Carlton"
"Princes Street - Stop 114","114","19342",206071140,"Carlton North - Princes Hill","206071140","Carlton North - Princes Hill"
"Melbourne Cemetery East - Stop 115","115","19343",206071140,"Carlton North - Princes Hill","206071140","Carlton North - Princes Hill"
"Fenwick Street - Stop 116","116","19344",206071140,"Carlton North - Princes Hill","206071140","Carlton North - Princes Hill"
"Richardson Street - Stop 117","117","19345",206071140,"Carlton North - Princes Hill","206071140","Carlton North - Princes Hill"
"Pigdon Street - Stop 118","118","19346",206071140,"Carlton North - Princes Hill","206071140","Carlton North - Princes Hill"
"Park Street - Stop 119","119","19347",206071140,"Carlton North - Princes Hill","206071140","Carlton North - Princes Hill"
"Brunswick Road - Stop 120","120","19348",206011106,"Brunswick East","206011106","Brunswick East"
"Weston Street - Stop 121","121","19349",206011106,"Brunswick East","206011106","Brunswick East"
"Glenlyon Road - Stop 122","122","19350",206011106,"Brunswick East","206011106","Brunswick East"
"Albert Street - Stop 123","123","19351",206011106,"Brunswick East","206011106","Brunswick East"
"Victoria Street - Stop 124","124","19352",206011106,"Brunswick East","206011106","Brunswick East"
"Blyth Street - Stop 125","125","19353",206011106,"Brunswick East","206011106","Brunswick East"
"Stewart Street - Stop 126","126","19354",206011106,"Brunswick East","206011106","Brunswick East"
"Albion Street - Stop 127","127","19355",206011106,"Brunswick East","206011106","Brunswick East"
"Donald Street - Stop 128","128","19356",206011106,"Brunswick East","206011106","Brunswick East"
"Moreland Road - Stop 129","129","19357",206011108,"Coburg","206011108","Coburg"
"Holmes Street - Stop 129","129","19358",206011108,"Coburg","206011108","Coburg"
"Barrow Street - Stop 130","130","19359",206011108,"Coburg","206011108","Coburg"
"De Carle Street - Stop 131","131","19360",206011108,"Coburg","206011108","Coburg"
"Sydney Road - Stop 132","132","19361",206011108,"Coburg","206011108","Coburg"
"Moreland Station - Stop 133","133","19362",206011105,"Brunswick","206011105","Brunswick"
"The Avenue - Stop 130","130","19363",206011108,"Coburg","206011108","Coburg"
"Rennie Street - Stop 131","131","19364",206011108,"Coburg","206011108","Coburg"
"Crozier Street - Stop 132","132","19365",206011108,"Coburg","206011108","Coburg"
"Harding Street - Stop 133","133","19366",206011108,"Coburg","206011108","Coburg"
"Merribell Avenue - Stop 134","134","19367",206011108,"Coburg","206011108","Coburg"
"Bell Street - Stop 135","135","19368",206011108,"Coburg","206011108","Coburg"
"Southbank Tram Depot - Stop 125A","125A","19369",206041126,"Southbank","206041126","Southbank"
"Montague Street - Stop 126","126","19370",206051132,"South Melbourne","206051132","South Melbourne"
"North Port - Stop 127","127","19371",206051130,"Port Melbourne","206051130","Port Melbourne"
"Graham Street - Stop 128","128","19372",206051130,"Port Melbourne","206051130","Port Melbourne"
"Lansdowne Street - Stop 13","13","19374",206071142,"Fitzroy","206071142","Fitzroy"
"Grice Crescent - Stop 42","42","19376",206031114,"Essendon - Aberfeldie","206031114","Essendon - Aberfeldie"
"Wellington Street - Stop 16","16","19377",206071141,"Collingwood","206071141","Collingwood"
"Hoddle Street - Stop 18","18","19379",206071141,"Collingwood","206071141","Collingwood"
"North Richmond Station - Stop 19","19","19381",206071139,"Abbotsford","206071139","Abbotsford"
"Nicholson Street - Stop 20","20","19382",206071139,"Abbotsford","206071139","Abbotsford"
"Church Street - Stop 21","21","19383",206071139,"Abbotsford","206071139","Abbotsford"
"McKay Street - Stop 22","22","19384",206071139,"Abbotsford","206071139","Abbotsford"
"Flockhart Street - Stop 23","23","19385",206071139,"Abbotsford","206071139","Abbotsford"
"Victoria Gardens - Stop 24","24","19386",206071139,"Abbotsford","206071139","Abbotsford"
"River Boulevard - Stop 25","25","19387",206071139,"Abbotsford","206071139","Abbotsford"
"Yarra Boulevard - Stop 18","18","19456",206071144,"Richmond (Vic.)","206071144","Richmond (Vic.)"
"Madden Grove - Stop 17","17","19457",206071144,"Richmond (Vic.)","206071144","Richmond (Vic.)"
"Park Grove - Stop 16","16","19458",206071144,"Richmond (Vic.)","206071144","Richmond (Vic.)"
"Stawell Street - Stop 15","15","19459",206071144,"Richmond (Vic.)","206071144","Richmond (Vic.)"
"Burnley Station - Stop 14","14","19460",206071144,"Richmond (Vic.)","206071144","Richmond (Vic.)"
"Edinburgh Street - Stop 13","13","19461",206071144,"Richmond (Vic.)","206071144","Richmond (Vic.)"
"Coppin Street - Stop 12","12","19462",206071144,"Richmond (Vic.)","206071144","Richmond (Vic.)"
"East Richmond Station - Stop 11","11","19463",206071144,"Richmond (Vic.)","206071144","Richmond (Vic.)"
"Swan Street SC - Stop 10","10","19464",206071144,"Richmond (Vic.)","206071144","Richmond (Vic.)"
"Lennox Street - Stop 9","9","19465",206071144,"Richmond (Vic.)","206071144","Richmond (Vic.)"
"Richmond Station - Stop 8","8","19466",206071144,"Richmond (Vic.)","206071144","Richmond (Vic.)"
"Brewster Street - Stop 43","43","19467",206031114,"Essendon - Aberfeldie","206031114","Essendon - Aberfeldie"
"Thorn Street - Stop 44","44","19468",206031114,"Essendon - Aberfeldie","206031114","Essendon - Aberfeldie"
"Glass Street - Stop 45","45","19469",206031114,"Essendon - Aberfeldie","206031114","Essendon - Aberfeldie"
"Mt Alexander Road - Stop 47","47","19470",206031114,"Essendon - Aberfeldie","206031114","Essendon - Aberfeldie"
"Service Street - Stop 48","48","19471",206031114,"Essendon - Aberfeldie","206031114","Essendon - Aberfeldie"
"Essendon North PS - Stop 49","49","19472",206031114,"Essendon - Aberfeldie","206031114","Essendon - Aberfeldie"
"Cooper Street - Stop 50","50","19473",206031114,"Essendon - Aberfeldie","206031114","Essendon - Aberfeldie"
"Melbourne University - Stop 1","1","19489",206041117,"Carlton","206041117","Carlton"
"Lincoln Square - Stop 3","3","19491",206041117,"Carlton","206041117","Carlton"
"Queensberry Street - Stop 4","4","19492",206041117,"Carlton","206041117","Carlton"
"RMIT University - Stop 7","7","19494",206041122,"Melbourne","206041122","Melbourne"
"Melbourne Central Station - Stop 8","8","19495",206041122,"Melbourne","206041122","Melbourne"
"Bourke Street Mall - Stop 10","10","19497",206041122,"Melbourne","206041122","Melbourne"
"City Square  - Stop 11","11","19498",206041122,"Melbourne","206041122","Melbourne"
"Flinders Street Station - Stop 13","13","19499",206041119,"East Melbourne","206041119","East Melbourne"
"Arts Precinct - Stop 14","14","19500",206041126,"Southbank","206041126","Southbank"
"Grant Street - Stop 17","17","19502",206041126,"Southbank","206041126","Southbank"
"Shrine of Remembrance - Stop 19","19","19504",206041126,"Southbank","206041126","Southbank"
"Domain Interchange - Stop 20","20","19505",206041126,"Southbank","206041126","Southbank"
"Bowen Crescent - Stop 21","21","19506",206051128,"Albert Park","206051128","Albert Park"
"Toorak Road - Stop 22","22","19528",206051128,"Albert Park","206051128","Albert Park"
"Slater Street - Stop 23","23","19539",206041125,"South Yarra - West","206041125","South Yarra - West"
"Leopold Street - Stop 24","24","19560",206051128,"Albert Park","206051128","Albert Park"
"Commercial Road - Stop 25","25","19561",206051128,"Albert Park","206051128","Albert Park"
"Moubray Street - Stop 26","26","19562",206051128,"Albert Park","206051128","Albert Park"
"High Street - Stop 27","27","19563",206041125,"South Yarra - West","206041125","South Yarra - West"
"Union Street - Stop 29","29","19565",206051133,"St Kilda","206051133","St Kilda"
"St Kilda Junction - Stop 30","30","19566",206051133,"St Kilda","206051133","St Kilda"
"Queens Way - Stop 31","31","19567",206061136,"Prahran - Windsor","206061136","Prahran - Windsor"
"St Kilda Junction - Stop 30","30","19568",206051133,"St Kilda","206051133","St Kilda"
"Union Street - Stop 29","29","19569",206051133,"St Kilda","206051133","St Kilda"
"Lorne Street - Stop 27","27","19571",206041125,"South Yarra - West","206041125","South Yarra - West"
"Moubray Street - Stop 26","26","19572",206041125,"South Yarra - West","206041125","South Yarra - West"
"Commercial Road - Stop 25","25","19573",206041125,"South Yarra - West","206041125","South Yarra - West"
"Leopold Street - Stop 24","24","19574",206041125,"South Yarra - West","206041125","South Yarra - West"
"Arthur Street - Stop 23","23","19575",206051128,"Albert Park","206051128","Albert Park"
"Curzon Street - Stop 13","13","19589",206041123,"North Melbourne","206041123","North Melbourne"
"North Melbourne Town Hall - Stop 12","12","19590",206041123,"North Melbourne","206041123","North Melbourne"
"Royal Melbourne Hospital - Stop 14","14","19591",206041123,"North Melbourne","206041123","North Melbourne"
"Harker Street - Stop 16","16","19592",206041123,"North Melbourne","206041123","North Melbourne"
"Royal Children's Hospital - Stop 19","19","19594",206041123,"North Melbourne","206041123","North Melbourne"
"Melrose Street - Stop 20","20","19595",206041123,"North Melbourne","206041123","North Melbourne"
"Flemington Bridge Station - Stop 22","22","19597",206041123,"North Melbourne","206041123","North Melbourne"
"Flemington Community Centre - Stop 23","23","19598",206031115,"Flemington","206031115","Flemington"
"Mooltan Street - Stop 24","24","19599",206031115,"Flemington","206031115","Flemington"
"Mount Alexander College - Stop 25","25","19600",206031115,"Flemington","206031115","Flemington"
"Wellington Street - Stop 26","26","19601",206031115,"Flemington","206031115","Flemington"
"Essendon Tram Depot - Stop 27","27","19602",206031113,"Ascot Vale","206031113","Ascot Vale"
"Middle Street - Stop 28","28","19603",206031113,"Ascot Vale","206031113","Ascot Vale"
"Warrick Street - Stop 29","29","19604",206031113,"Ascot Vale","206031113","Ascot Vale"
"Maribyrnong Road - Stop 30","30","19605",206031113,"Ascot Vale","206031113","Ascot Vale"
"Montgomery Street - Stop 31","31","19606",206031116,"Moonee Ponds","206031116","Moonee Ponds"
"Ascot Vale Road - Stop 32","32","19607",206031116,"Moonee Ponds","206031116","Moonee Ponds"
"Moonee Ponds Junction - Stop 33","33","19608",206031116,"Moonee Ponds","206031116","Moonee Ponds"
"Moonee Valley Civic Centre - Stop 34","34","19609",206031116,"Moonee Ponds","206031116","Moonee Ponds"
"Queen's Park - Stop 35","35","19623",206031116,"Moonee Ponds","206031116","Moonee Ponds"
"Murray Street - Stop 36","36","19624",206031116,"Moonee Ponds","206031116","Moonee Ponds"
"Buckley Street - Stop 37","37","19625",206031116,"Moonee Ponds","206031116","Moonee Ponds"
"Fletcher Street - Stop 38","38","19626",206031114,"Essendon - Aberfeldie","206031114","Essendon - Aberfeldie"
"Hoddle Street - Stop 39","39","19627",206031114,"Essendon - Aberfeldie","206031114","Essendon - Aberfeldie"
"Nicholson Street - Stop 40","40","19628",206031114,"Essendon - Aberfeldie","206031114","Essendon - Aberfeldie"
"Essendon Station - Stop 41","41","19657",206031114,"Essendon - Aberfeldie","206031114","Essendon - Aberfeldie"
"Shamrock Street - Stop 42","42","19658",206031114,"Essendon - Aberfeldie","206031114","Essendon - Aberfeldie"
"Thistle Street - Stop 43","43","19659",206031114,"Essendon - Aberfeldie","206031114","Essendon - Aberfeldie"
"Thorn Street - Stop 44","44","19660",206031114,"Essendon - Aberfeldie","206031114","Essendon - Aberfeldie"
"Leake Street - Stop 45","45","19661",206031114,"Essendon - Aberfeldie","206031114","Essendon - Aberfeldie"
"Lincoln Road - Stop 46","46","19662",206031114,"Essendon - Aberfeldie","206031114","Essendon - Aberfeldie"
"Mt Alexander Road - Stop 47","47","19663",206031114,"Essendon - Aberfeldie","206031114","Essendon - Aberfeldie"
"Service Street - Stop 48","48","19664",206031114,"Essendon - Aberfeldie","206031114","Essendon - Aberfeldie"
"Gillies Street - Stop 49","49","19665",206031114,"Essendon - Aberfeldie","206031114","Essendon - Aberfeldie"
"Cooper Street - Stop 50","50","19666",206031114,"Essendon - Aberfeldie","206031114","Essendon - Aberfeldie"
"Bradshaw Street - Stop 51","51","19667",206031114,"Essendon - Aberfeldie","206031114","Essendon - Aberfeldie"
"Toorak Road - Stop 22","22","19676",206041125,"South Yarra - West","206041125","South Yarra - West"
"Bowen Crescent - Stop 21","21","19677",206041125,"South Yarra - West","206041125","South Yarra - West"
"Domain Interchange - Stop 20","20","19678",206051128,"Albert Park","206051128","Albert Park"
"Shrine of Remembrance - Stop 19","19","19679",206041126,"Southbank","206041126","Southbank"
"Grant Street - Stop 17","17","19681",206041126,"Southbank","206041126","Southbank"
"Arts Precinct - Stop 14","14","19684",206041126,"Southbank","206041126","Southbank"
"Flinders Street Station - Stop 13","13","19685",206041122,"Melbourne","206041122","Melbourne"
"City Square - Stop 11","11","19686",206041122,"Melbourne","206041122","Melbourne"
"Bourke Street Mall - Stop 10","10","19687",206041122,"Melbourne","206041122","Melbourne"
"Melbourne Central Station - Stop 8","8","19689",206041122,"Melbourne","206041122","Melbourne"
"RMIT University - Stop 7","7","19691",206041122,"Melbourne","206041122","Melbourne"
"Queensberry Street - Stop 4","4","19693",206041117,"Carlton","206041117","Carlton"
"Lincoln Square - Stop 3","3","19694",206041117,"Carlton","206041117","Carlton"
"Melbourne University - Stop 1","1","19696",206041124,"Parkville","206041124","Parkville"
"Inkerman Street - Stop 34","34","19697",206051133,"St Kilda","206051133","St Kilda"
"Inkerman Street - Stop 34","34","19698",206051133,"St Kilda","206051133","St Kilda"
"Murphy Street - Stop 15","15","19699",206041123,"North Melbourne","206041123","North Melbourne"
"Argyle Street - Stop 33","33","19700",206051133,"St Kilda","206051133","St Kilda"
"Argyle Street - Stop 33","33","19701",206051133,"St Kilda","206051133","St Kilda"
"Alma Road - Stop 32","32","19702",206051133,"St Kilda","206051133","St Kilda"
"Alma Road - Stop 32","32","19703",206051133,"St Kilda","206051133","St Kilda"
"Barkly Street - Stop 31","31","19704",206051133,"St Kilda","206051133","St Kilda"
"Barkly Street - Stop 31","31","19705",206051133,"St Kilda","206051133","St Kilda"
"Epworth Hospital - Stop 15","15","19706",206071144,"Richmond (Vic.)","206071144","Richmond (Vic.)"
"Bosisto Street - Stop 17","17","19708",206071144,"Richmond (Vic.)","206071144","Richmond (Vic.)"
"Church Street - Stop 18","18","19709",206071144,"Richmond (Vic.)","206071144","Richmond (Vic.)"
"Richmond Town Hall - Stop 19","19","19710",206071144,"Richmond (Vic.)","206071144","Richmond (Vic.)"
"Coppin Street - Stop 20","20","19711",206071144,"Richmond (Vic.)","206071144","Richmond (Vic.)"
"Burnley Street - Stop 21","21","19712",206071144,"Richmond (Vic.)","206071144","Richmond (Vic.)"
"Yarra Boulevard - Stop 22","22","19713",206071144,"Richmond (Vic.)","206071144","Richmond (Vic.)"
"Westbank Terrace - Stop 22","22","19714",206071144,"Richmond (Vic.)","206071144","Richmond (Vic.)"
"Burnley Street - Stop 21","21","19715",206071144,"Richmond (Vic.)","206071144","Richmond (Vic.)"
"Coppin Street - Stop 20","20","19716",206071144,"Richmond (Vic.)","206071144","Richmond (Vic.)"
"Richmond Town Hall - Stop 19","19","19717",206071144,"Richmond (Vic.)","206071144","Richmond (Vic.)"
"Church Street - Stop 18","18","19718",206071144,"Richmond (Vic.)","206071144","Richmond (Vic.)"
"Waltham Street - Stop 17","17","19719",206071144,"Richmond (Vic.)","206071144","Richmond (Vic.)"
"Southbank Tram Depot - Stop 125A","125A","19721",206041126,"Southbank","206041126","Southbank"
"Montague Street - Stop 126","126","19722",206051132,"South Melbourne","206051132","South Melbourne"
"North Port - Stop 127","127","19723",206051130,"Port Melbourne","206051130","Port Melbourne"
"Graham Street - Stop 128","128","19724",206051130,"Port Melbourne","206051130","Port Melbourne"
"Port Melbourne - Stop 129","129","19725",206051130,"Port Melbourne","206051130","Port Melbourne"
"Lansdowne Street - Stop 13","13","19726",206041119,"East Melbourne","206041119","East Melbourne"
"Smith Street - Stop 15","15","19728",206041119,"East Melbourne","206041119","East Melbourne"
"Wellington Street - Stop 16","16","19729",206041119,"East Melbourne","206041119","East Melbourne"
"Hoddle Street - Stop 18","18","19731",206041119,"East Melbourne","206041119","East Melbourne"
"North Richmond Station - Stop 19","19","19732",206071144,"Richmond (Vic.)","206071144","Richmond (Vic.)"
"Lennox Street - Stop 20","20","19733",206071144,"Richmond (Vic.)","206071144","Richmond (Vic.)"
"Epworth Hospital - Stop 15","15","19734",206071144,"Richmond (Vic.)","206071144","Richmond (Vic.)"
"McKay Street - Stop 22","22","19735",206071144,"Richmond (Vic.)","206071144","Richmond (Vic.)"
"Leslie Street - Stop 23","23","19736",206071144,"Richmond (Vic.)","206071144","Richmond (Vic.)"
"Victoria Gardens - Stop 24","24","19737",206071144,"Richmond (Vic.)","206071144","Richmond (Vic.)"
"River Boulevard - Stop 25","25","19738",206071144,"Richmond (Vic.)","206071144","Richmond (Vic.)"
"Park Drive - Stop 15","15","20482",206041124,"Parkville","206041124","Parkville"
"Flemington Road - Stop 12","12","20490",206041123,"North Melbourne","206041123","North Melbourne"
"Flemington Road - Stop 12","12","20491",206041123,"North Melbourne","206041123","North Melbourne"
"Queensberry Street - Stop 11","11","20492",206041123,"North Melbourne","206041123","North Melbourne"
"Queensberry Street - Stop 11","11","20493",206041123,"North Melbourne","206041123","North Melbourne"
"City Road - Stop 126","126","20494",206051132,"South Melbourne","206051132","South Melbourne"
"City Road - Stop 126","126","20495",206051132,"South Melbourne","206051132","South Melbourne"
"South Melbourne - Stop 127","127","20496",206051132,"South Melbourne","206051132","South Melbourne"
"South Melbourne - Stop 127","127","20497",206051132,"South Melbourne","206051132","South Melbourne"
"Albert Park - Stop 128","128","20498",206051132,"South Melbourne","206051132","South Melbourne"
"Albert Park - Stop 128","128","20499",206051132,"South Melbourne","206051132","South Melbourne"
"Melbourne Sports and Aquatic Centre - Stop 129","129","20500",206051128,"Albert Park","206051128","Albert Park"
"Melbourne Sports and Aquatic Centre - Stop 129","129","20501",206051128,"Albert Park","206051128","Albert Park"
"Middle Park - Stop 130","130","20502",206051128,"Albert Park","206051128","Albert Park"
"Middle Park - Stop 130","130","20503",206051128,"Albert Park","206051128","Albert Park"
"Fraser Street - Stop 131","131","20504",206051133,"St Kilda","206051133","St Kilda"
"Fraser Street - Stop 131","131","20505",206051133,"St Kilda","206051133","St Kilda"
"St Kilda Station - Stop 132","132","20506",206051133,"St Kilda","206051133","St Kilda"
"St Kilda Station - Stop 132","132","20507",206051133,"St Kilda","206051133","St Kilda"
"Canterbury Road - Stop 133","133","20508",206051133,"St Kilda","206051133","St Kilda"
"Canterbury Road - Stop 133","133","20509",206051133,"St Kilda","206051133","St Kilda"
"Park Street - Stop 134","134","20510",206051133,"St Kilda","206051133","St Kilda"
"Park Street - Stop 134","134","20511",206051133,"St Kilda","206051133","St Kilda"
"Acland Street - Stop 135","135","20512",206051133,"St Kilda","206051133","St Kilda"
"Jacka Boulevard - Stop 135","135","20513",206051133,"St Kilda","206051133","St Kilda"
"The Esplanade - Stop 136","136","20514",206051133,"St Kilda","206051133","St Kilda"
"The Esplanade - Stop 136","136","20515",206051133,"St Kilda","206051133","St Kilda"
"Luna Park  - Stop 138","138","20518",206051133,"St Kilda","206051133","St Kilda"
"Luna Park  - Stop 138","138","20519",206051133,"St Kilda","206051133","St Kilda"
"Belford Street - Stop 139","139","20520",206051133,"St Kilda","206051133","St Kilda"
"Belford Street - Stop 139","139","20521",206051133,"St Kilda","206051133","St Kilda"
"Barkly Street - Stop 140","140","20522",206051133,"St Kilda","206051133","St Kilda"
"Dandenong Road - Stop 52","52","20525",206061135,"Armadale","206061135","Armadale"
"Malvern Station - Stop 53","53","20527",206061135,"Armadale","206061135","Armadale"
"Wattletree Road - Stop 54","54","20529",206061135,"Armadale","206061135","Armadale"
"Edsall Street - Stop 55","55","20531",206061135,"Armadale","206061135","Armadale"
"Malvern Tram Depot - Stop 56","56","20533",206061135,"Armadale","206061135","Armadale"
"High Street - Stop 57","57","20535",206061135,"Armadale","206061135","Armadale"
"Bell Street - Stop 58","58","20537",206061135,"Armadale","206061135","Armadale"
"Malvern Road - Stop 59","59","20539",206061135,"Armadale","206061135","Armadale"
"Stonnington Place - Stop 60","60","20541",206061138,"Toorak","206061138","Toorak"
"Moorakyne Avenue - Stop 61","61","20543",206061138,"Toorak","206061138","Toorak"
"Mayfield Avenue - Stop 62","62","20545",206061138,"Toorak","206061138","Toorak"
"Toorak Road - Stop 63","63","20547",206061138,"Toorak","206061138","Toorak"
"Vision Australia - Stop 66","66","20553",206061138,"Toorak","206061138","Toorak"
"Chapel Street - Stop 37","37","20597",206051133,"St Kilda","206051133","St Kilda"
"Balaclava Station - Stop 38","38","20598",206051134,"St Kilda East","206051134","St Kilda East"
"Carlisle Avenue - Stop 39","39","20599",206051134,"St Kilda East","206051134","St Kilda East"
"Hotham Street - Stop 40","40","20647",206051134,"St Kilda East","206051134","St Kilda East"
"Hoffmans Road - Stop 52","52","20774",206031114,"Essendon - Aberfeldie","206031114","Essendon - Aberfeldie"
"Buckley Street - Stop 37","37","20775",206031114,"Essendon - Aberfeldie","206031114","Essendon - Aberfeldie"
"Bourke Street","0","20979",206041122,"Melbourne","206041122","Melbourne"
"Normanby Avenue - Stop 38","38","20980",206021112,"Thornbury","206021112","Thornbury"
"Etihad Stadium - Stop D1","D1","20981",206041118,"Docklands","206041118","Docklands"
"Bradshaw Street - Stop 51","51","21196",206031114,"Essendon - Aberfeldie","206031114","Essendon - Aberfeldie"
"Spencer Street - Stop 1","1","21231",206041122,"Melbourne","206041122","Melbourne"
"Spencer Street - Stop 1","1","21232",206041122,"Melbourne","206041122","Melbourne"
"Melbourne Aquarium - Stop 2","2","21233",206041122,"Melbourne","206041122","Melbourne"
"Melbourne Aquarium - Stop 2","2","21234",206041122,"Melbourne","206041122","Melbourne"
"Moore Street - Stop 29","29","21961",206011108,"Coburg","206011108","Coburg"
"Barkly Square - Stop 20","20","21962",206011105,"Brunswick","206011105","Brunswick"
"Carlisle Street - Stop 35","35","21963",206051133,"St Kilda","206051133","St Kilda"
"Church Street - Stop 21","21","21966",206071144,"Richmond (Vic.)","206071144","Richmond (Vic.)"
"Smith Street - Stop 15","15","22100",206071142,"Fitzroy","206071142","Fitzroy"
"St Kilda Road - Stop 131","131","22109",206051133,"St Kilda","206051133","St Kilda"
"St Kilda Road - Stop 131","131","22110",206051133,"St Kilda","206051133","St Kilda"
"Princes Street - Stop 132","132","22111",206051133,"St Kilda","206051133","St Kilda"
"Princes Street - Stop 132","132","22112",206051133,"St Kilda","206051133","St Kilda"
"101 Collins Street - Stop 7","7","22152",206041122,"Melbourne","206041122","Melbourne"
"101 Collins Street - Stop 7","7","22153",206041122,"Melbourne","206041122","Melbourne"
"Scotchmer Street - Stop 22","22","22559",206071143,"Fitzroy North","206071143","Fitzroy North"
"City Road - Stop 114","114","22612",206041126,"Southbank","206041126","Southbank"
"William Barak Bridge - Stop 7A","7A","22903",206041119,"East Melbourne","206041119","East Melbourne"
"William Barak Bridge - Stop 7A","7A","22904",206041119,"East Melbourne","206041119","East Melbourne"
"Southern Cross Station - Stop D14","D14","43472",206041118,"Docklands","206041118","Docklands"
"Batman's Hill - Stop D15","D15","43473",206041118,"Docklands","206041118","Docklands"
"Collins Landing - Stop D17","D17","43474",206041118,"Docklands","206041118","Docklands"
"Harbour Esplanade - Stop D16","D16","43475",206041118,"Docklands","206041118","Docklands"
"Batman's Hill - Stop D15","D15","43476",206041118,"Docklands","206041118","Docklands"
"Southern Cross Station - Stop D14","D14","43477",206041118,"Docklands","206041118","Docklands"
"Harbour Esplanade - Stop D16","D16","43480",206041118,"Docklands","206041118","Docklands"
"Domain Interchange - Stop 20","20","46437",206051128,"Albert Park","206051128","Albert Park"
"Dandenong Rd"," ","46517",206061135,"Armadale","206061135","Armadale"
"Victoria Harbour Docklands - Stop D18","D18","47493",206041118,"Docklands","206041118","Docklands"
